gene_id,cluster
A4GALT,1
AACS,2
AADAT,3
AAK1,3
AARS1,4
AASDHPPT,3
AASS,5
AATF,2
ABAT,6
ABCA1,4
ABCA5,2
ABCB6,3
ABCC1,1
ABCC4,2
ABCC5,7
ABCC6,2
ABCC8,6
ABCD3,3
ABCF1,8
ABCF2,7
ABCF3,8
ABCG1,6
ABHD10,3
ABHD11,8
ABHD17B,5
ABHD17C,9
ABHD3,3
ABHD4,1
ABHD5,3
ABHD6,10
ABI1,9
ABL1,8
ABLIM1,5
ABLIM2,6
ABRAXAS1,4
ABTB1,9
ABTB3,9
ACAA1,2
ACAA2,4
ACAD8,1
ACAD9,2
ACADM,3
ACADS,3
ACADVL,8
ACBD4,4
ACBD5,3
ACCS,1
ACIN1,8
ACKR3,9
ACO1,6
ACOT13,3
ACOT2,1
ACOT8,3
ACOT9,5
ACOX1,3
ACOX3,6
ACOXL,4
ACP6,1
ACSF2,6
ACSL1,6
ACSS1,3
ACSS2,3
ACTA1,1
ACTB,7
ACTL6B,6
ACTN1,8
ACTN3,1
ACTR3,9
ACVR1,5
ACVR1B,1
ACVR2A,9
ACVR2B-AS1,1
ACY1,1
ACYP1,3
ACYP2,3
ADA,1
ADA2,4
ADAM11,8
ADAM12,1
ADAM19,8
ADAM23,1
ADAM33,1
ADAM9,9
ADAMTS1,3
ADAMTS12,9
ADAMTS15,3
ADAMTS16-DT,7
ADAMTS19,1
ADAMTS20,4
ADAMTS3,9
ADAMTS4,5
ADAMTS6,9
ADAMTS8,3
ADAMTS9,7
ADARB1,7
ADARB2,6
ADCY1,8
ADCY10P1,9
ADCY2,2
ADCY3,8
ADCY5,3
ADCY6,7
ADCYAP1R1,3
ADD2,1
ADD3,5
ADGRA1,6
ADGRB2,2
ADGRB3,3
ADGRG1,3
ADGRG2,4
ADGRL1,8
ADGRL2,10
ADGRL3,7
ADHFE1,8
ADI1,8
ADIPOR1,1
ADIPOR2,2
ADK,3
ADM2,1
ADNP2,5
ADPGK,8
ADPRH,1
ADPRM,3
ADRA2B,1
ADSS2,5
AFAP1,6
AFAP1L2,10
AFF1,8
AFF2,3
AFF3,6
AFG1L,3
AFG2B,8
AFG3L2,4
AFMID,1
AFTPH,3
AGAP2,6
AGBL2,1
AGBL5,7
AGPAT3,6
AGPAT4,2
AHCY,1
AHCYL2,3
AHI1,9
AHNAK,10
AIF1L,1
AIFM1,9
AIG1,2
AIM2,3
AIMP2,8
AIRIM,7
AJUBA,7
AK2,6
AK3,3
AK4,3
AK7,3
AK9,6
AKAP1,8
AKAP12,5
AKAP6,6
AKAP9,1
AKIRIN1,7
AKR1B1,2
AKR1C1,6
AKR1C2,6
AKT1,3
AKT1S1,8
AKT3,3
AKTIP,3
ALCAM,8
ALDH18A1,7
ALDH1A1,7
ALDH1B1,8
ALDH2,7
ALDH3A2,7
ALDH4A1,8
ALDH5A1,2
ALDH7A1,1
ALDH9A1,1
ALG13,9
ALG2,5
ALG5,3
ALG9,3
ALK,3
ALPK3,1
ALPL,1
AMACR,4
AMBRA1,8
AMDHD2,8
AMER1,7
AMER2,3
AMER3,6
AMFR,2
AMIGO1,2
AMIGO2,6
AMN1,3
AMOT,9
AMOTL1,2
AMOTL2,7
AMPD2,2
AMPD3,8
AMPH,6
AMT,5
AMY2B,9
AMZ2,3
AMZ2P1,3
ANAPC13,3
ANAPC5,3
ANGEL1,7
ANGPT1,3
ANGPTL4,8
ANK2,3
ANK3,3
ANKEF1,7
ANKH,2
ANKHD1,2
ANKMY2,3
ANKRA2,3
ANKRD13A,3
ANKRD13B,6
ANKRD16,8
ANKRD18A,1
ANKRD24,1
ANKRD27,7
ANKRD34B,10
ANKRD35,1
ANKRD36,3
ANKRD36B,3
ANKRD36C,3
ANKRD42,2
ANKRD44,3
ANKRD45,6
ANKRD46,3
ANKRD49,3
ANKRD52,7
ANKRD54,6
ANKRD6,9
ANKS1B,6
ANKS6,7
ANO10,5
ANO5,10
ANOS1,8
ANP32B,3
ANPEP,1
ANTXR1,3
ANTXR2,2
ANXA11,2
ANXA3,5
ANXA4,4
ANXA5,8
ANXA6,8
ANXA7,1
AOPEP,1
AOX1,1
AP1G2,1
AP1M2,4
AP1S1,3
AP1S2,4
AP2B1,3
AP2M1,1
AP3B2,6
AP3M1,3
AP3M2,3
AP3S1,4
AP4E1,10
AP4S1,8
AP5M1,5
APBA1,2
APBB2,3
APC,3
APCDD1,9
APELA,9
APEX2,1
APH1B,3
APIP,3
APLN,9
APLP1,2
APLP2,8
APOBEC3B,9
APOBEC3C,9
APOC1,1
APOE,1
APOL2,1
APOLD1,3
APOO,3
APOOL,3
APP,8
APPBP2,3
APPL2,2
AR,2
ARAP3,8
ARB2A,3
AREL1,7
ARF3,1
ARF4,6
ARFGAP3,3
ARFGEF3,1
ARG2,1
ARHGAP1,8
ARHGAP10,5
ARHGAP15,5
ARHGAP18,9
ARHGAP19,4
ARHGAP21,6
ARHGAP22,7
ARHGAP23,1
ARHGAP26,1
ARHGAP28,8
ARHGAP29,8
ARHGAP4,1
ARHGAP44,5
ARHGAP45,8
ARHGAP8,4
ARHGEF12,3
ARHGEF16,1
ARHGEF19,8
ARHGEF2,8
ARHGEF25,4
ARHGEF3,9
ARHGEF4,5
ARHGEF40,7
ARHGEF5,1
ARHGEF6,6
ARHGEF7,6
ARID3B,8
ARID3C,8
ARID4A,3
ARID5B,9
ARIH2,7
ARL10,2
ARL13B,9
ARL2,8
ARL2BP,3
ARL3,3
ARL4A,9
ARL4C,8
ARL4D,6
ARL6IP5,3
ARL8A,4
ARL9,1
ARMC7,2
ARMC9,7
ARMCX2,7
ARMCX3,2
ARMCX5-GPRASP2,3
ARMCX6,2
ARNT2,2
ARPC5L,1
ARRB1,6
ARRB2,1
ARRDC3,3
ARSB,7
ARSG,1
ARSI,1
ART5,1
ARX,2
ASAH1,3
ASAP1,2
ASAP2,2
ASAP3,3
ASB13,7
ASB8,3
ASCL1,6
ASF1A,3
ASF1B,2
ASGR1,3
ASIC1,2
ASL,1
ASMTL,8
ASNS,3
ASPH,5
ASPHD2,8
ASRGL1,7
ASS1,1
ASTN1,6
ASTN2,1
ASXL1,7
ASXL3,6
ATAD1,3
ATAD2,3
ATAD3B,8
ATAT1,6
ATCAY,6
ATF1,9
ATF3,7
ATF6,3
ATF6B,3
ATF7IP,1
ATG13,8
ATG14,8
ATG16L1,1
ATG4A,3
ATIC,1
ATL1,3
ATL3,5
ATMIN,8
ATOH8,2
ATOSA,3
ATOSB,2
ATP10D,6
ATP11A,7
ATP11C,4
ATP13A1,8
ATP1A1,8
ATP1A2,1
ATP1A3,6
ATP1B2,3
ATP1B3,9
ATP2A3,4
ATP2B1,10
ATP2B4,3
ATP5MG,3
ATP5PF,6
ATP6V0A2,8
ATP6V0E2,2
ATP6V0E2-AS1,2
ATP6V1B2,3
ATP6V1D,1
ATP6V1G2,6
ATP7A,3
ATP8A2,4
ATP8B2,7
ATP8B3,9
ATP9A,2
ATPAF1,7
ATR,3
ATRNL1,3
ATXN1,3
ATXN10,10
ATXN1L,5
ATXN7,10
ATXN7L3,8
ATXN7L3B,2
AUNIP,1
AURKA,4
AURKC,1
AUTS2,4
AVEN,1
AXIN1,8
AXL,7
AZI2,3
AZIN2,3
B2M,3
B3GALNT1,8
B3GALT1,8
B3GALT2,6
B3GALT5,4
B3GAT1,7
B3GAT2,8
B3GLCT,3
B3GNT2,5
B3GNT5,3
B3GNTL1,8
B4GALNT1,6
B4GALNT3,8
B4GALT4,5
B4GALT5,7
B4GAT1,3
B9D1,2
BAALC,2
BABAM2,1
BACE1,2
BACE2,3
BACH2,2
BAG2,3
BAG4,5
BAIAP2,2
BAIAP2-DT,2
BAIAP2L1,1
BAK1,8
BAMBI,9
BAX,9
BAZ1A,3
BAZ2B,3
BAZ2B-AS1,5
BBOF1,2
BBS12,3
BBS2,3
BBS5,2
BBS7,3
BBX,3
BCAP31,10
BCAR3,2
BCAS3,1
BCAS4,8
BCDIN3D,3
BCHE,3
BCKDHB,1
BCL2,9
BCL2L11,7
BCL6,5
BCL6B,1
BCL7A,2
BCL9,8
BCL9L,8
BCO1,5
BCOR,1
BCORL1,10
BDH1,1
BDH2,3
BDNF-AS,3
BEND3,8
BEND4,4
BEND5,3
BEND7,3
BEX1,6
BICC1,3
BICDL1,4
BICRAL,4
BIRC2,9
BISPR,1
BIVM,3
BLACAT1,8
BLCAP,6
BLMH,3
BLTP2,7
BLTP3B,3
BLVRB,1
BMF,7
BMI1,3
BMP2,1
BMP2K,5
BMP7,9
BMP8B,3
BMPR1B,3
BMPR2,3
BMS1,8
BNC2,4
BNIP1,3
BOLA3-DT,4
BORCS7,3
BPGM,3
BPNT1,3
BRAP,8
BRD3OS,2
BRI3,7
BRI3BP,2
BRMS1L,3
BRPF3,7
BSCL2,3
BSN,6
BST2,1
BTBD1,3
BTBD10,3
BTBD3,5
BTBD6,2
BTBD8,3
BTD,1
BTG1,9
BTG3,3
BTN2A1,3
BTN2A2,8
BTN2A3P,6
BTN3A1,3
BTN3A2,3
BTN3A3,3
BTRC,2
BUB1,4
BYSL,8
BZW2,3
C10orf105,1
C10orf95-AS1,1
C11orf54,9
C11orf71,3
C11orf87,6
C12orf43,8
C12orf75,3
C12orf76,3
C13orf42,4
C14orf132,6
C14orf39,1
C14orf93,3
C15orf39,8
C16orf46,3
C18orf32,3
C1GALT1C1,9
C1QBP,8
C1QTNF3,3
C1R,1
C1RL,8
C1orf115,1
C1orf131,3
C1orf174,2
C1orf198,7
C1orf21,2
C1orf216,4
C1orf226,5
C1orf43,3
C1orf50,6
C1orf54,1
C20orf96,3
C2CD2L,2
C2CD3,7
C2CD5,3
C2orf72,3
C2orf74,6
C2orf74-DT,6
C2orf80,3
C3orf18,6
C3orf62,2
C4orf3,3
C4orf33,3
C4orf46,5
C5,3
C5orf15,10
C6orf118,2
C6orf132,4
C6orf141,5
C6orf89,3
C8orf88,1
C9orf85,3
CA11,1
CA14,1
CA4,5
CA5BP1,8
CA8,9
CAB39L,3
CABLES1,8
CABYR,1
CACHD1,5
CACNA1A,7
CACNA1B,4
CACNA1C,3
CACNA1E,4
CACNA2D1,9
CACNA2D4,1
CACNB4,9
CACNG4,3
CACNG6,3
CACNG8,4
CAD,1
CADM1,3
CADM2,9
CADM3,3
CADM4,3
CADPS,6
CADPS2,8
CALCOCO2,9
CALD1,5
CALM1,9
CALN1,8
CALR,8
CAMK1,8
CAMK2A,6
CAMK2D,3
CAMK2G,8
CAMK2N1,6
CAMK4,3
CAMKK1,7
CAMKK2,8
CAMKMT,1
CAMKV,9
CAMLG,3
CAMSAP1,2
CAMTA1,3
CAND2,6
CANX,3
CAP2,7
CAPG,1
CAPN1,4
CAPN2,2
CAPN6,3
CAPRIN2,4
CAPZB,8
CARD8,9
CARHSP1,4
CARM1,8
CARMIL1,5
CARMIL2,1
CARMIL3,6
CASC2,3
CASP2,7
CASP6,8
CASP7,3
CAST,9
CASTOR3P,6
CAT,3
CAV1,10
CAVIN1,5
CAVIN3,8
CAVIN4,8
CBFA2T3,2
CBLB,5
CBR1,8
CBS,8
CBX2,8
CBX8,6
CC2D1B,8
CC2D2A,6
CCBE1,5
CCDC102A,8
CCDC102B,8
CCDC112,6
CCDC115,3
CCDC121,3
CCDC125,5
CCDC126,3
CCDC127,7
CCDC142,7
CCDC146,3
CCDC149,7
CCDC150,8
CCDC160,10
CCDC167,3
CCDC169,3
CCDC171,3
CCDC177,8
CCDC181,3
CCDC184,3
CCDC191,3
CCDC24,1
CCDC30,2
CCDC32,3
CCDC34,3
CCDC40,2
CCDC50,9
CCDC51,8
CCDC57,7
CCDC65,2
CCDC66,3
CCDC74A,2
CCDC74B,2
CCDC8,3
CCDC80,10
CCDC82,3
CCDC85C,2
CCDC86,8
CCDC88C,7
CCDC90B,3
CCDC92,2
CCDC92B,1
CCDC93,6
CCKBR,8
CCN1,7
CCN2,7
CCNA1,3
CCNB1IP1,3
CCNC,5
CCND2,9
CCNDBP1,3
CCNE1,8
CCNF,7
CCNG1,4
CCNG2,5
CCNJL,8
CCNYL1,8
CCS,5
CCT3,1
CCT4,1
CCT6A,1
CCT6B,7
CCZ1B,1
CD151,7
CD164,5
CD200,4
CD24,1
CD27-AS1,4
CD2AP,5
CD2BP2,7
CD40,1
CD46,3
CD47,2
CD55,1
CD59,6
CD63-AS1,2
CD74,1
CD81,8
CD82,7
CD83,3
CD9,1
CD99,3
CD99L2,9
CD99P1,5
CDADC1,3
CDC16,3
CDC25A,8
CDC25B,3
CDC42,3
CDC42EP3,1
CDC42EP4,3
CDC42SE1,9
CDC42SE2,5
CDC6,5
CDCA2,5
CDCA4,8
CDCA5,1
CDCA7,4
CDCA8,2
CDCP1,4
CDH1,4
CDH10,3
CDH11,7
CDH2,7
CDH20,2
CDH23,3
CDH3,1
CDH6,2
CDH7,9
CDH8,10
CDHR1,3
CDIN1,4
CDK1,9
CDK12,8
CDK18,1
CDK19,3
CDK2,9
CDK20,3
CDK2AP1,1
CDK5,6
CDK5R1,6
CDK5RAP1,8
CDK6,9
CDKL3,3
CDKN1C,3
CDKN2AIP,3
CDKN2AIPNL,8
CDKN2C,3
CDKN2D,3
CDKN3,3
CDO1,3
CDON,7
CDR2,8
CDS1,1
CDS2,9
CDV3,5
CDYL,4
CEBPG,3
CEBPZOS,9
CECR2,5
CELF2,3
CELF3,6
CELF4,6
CELF6,6
CEMIP2,7
CENATAC,8
CENPC,9
CENPH,5
CENPJ,3
CENPU,1
CENPW,1
CEP112,3
CEP126,9
CEP128,3
CEP162,3
CEP170,6
CEP170B,8
CEP19,6
CEP250,2
CEP290,3
CEP41,6
CEP55,9
CEP57,3
CEP63,3
CEP68,8
CEP76,10
CEP95,3
CERK,2
CEROX1,3
CERS1,7
CERS2,4
CERS4,10
CES2,3
CETN2,3
CFAP20DC,1
CFAP251,3
CFAP263,7
CFAP300,9
CFAP36,3
CFAP418,6
CFAP43,2
CFAP44,6
CFAP54,3
CFAP69,3
CFAP70,7
CFAP77,10
CFAP91,3
CFAP92,9
CFL2,3
CFLAR,1
CGN,1
CGNL1,4
CHAF1A,8
CHAF1B,8
CHCHD4,6
CHCHD7,9
CHD1L,8
CHD2,6
CHD3,6
CHD9,3
CHD9NB,1
CHDH,1
CHEK1,5
CHEK2,4
CHGA,3
CHGB,3
CHIC2,6
CHKB-DT,7
CHMP1B,9
CHMP3,3
CHMP5,3
CHMP7,8
CHN1,3
CHN2,6
CHODL,6
CHORDC1,3
CHPT1,9
CHRAC1,3
CHRNA3,9
CHRNA7,3
CHRNB2,6
CHST15,9
CHST6,8
CHST7,1
CHSY1,8
CHTF8,1
CHURC1,3
CIAO1,2
CIAO2A,3
CIART,4
CIB1,9
CIBAR1,3
CILK1,3
CIPC,3
CIR1,3
CISD1,3
CITED1,3
CITED2,4
CKAP5,3
CKB,3
CKLF,9
CKMT1B,1
CKS2,9
CLASP1,3
CLASP2,6
CLCC1,9
CLCN2,1
CLCN3,3
CLCN4,8
CLCN5,9
CLDN10,1
CLDN2,7
CLDN6,1
CLDN7,4
CLDND1,3
CLEC19A,7
CLEC2D,3
CLGN,2
CLHC1,3
CLIC1,9
CLIC6,9
CLINT1,8
CLIP1,7
CLIP4,3
CLK2,8
CLK4,3
CLMP,1
CLN6,8
CLPTM1,8
CLPTM1L,7
CLPX,3
CLSPN,8
CLSTN2,6
CLTCL1,1
CLU,8
CLUAP1,3
CLUHP3,8
CLVS1,7
CLVS2,6
CLYBL,1
CMBL,3
CMC1,4
CMKLR2,2
CMPK1,3
CMTM3,7
CMTM7,3
CNDP2,8
CNGB1,6
CNIH1,3
CNKSR1,5
CNKSR3,8
CNMD,1
CNN2,8
CNN3,10
CNNM1,3
CNNM4,1
CNOT11,7
CNOT2,3
CNOT4,2
CNOT6,3
CNOT6L,3
CNP,7
CNPPD1,3
CNR1,3
CNRIP1,3
CNTLN,3
CNTN2,4
CNTN6,7
CNTNAP1,1
CNTNAP2,5
CNTNAP3,5
CNTRL,3
COA5,3
COA7,1
COBL,1
COCH,4
COG6,3
COG8,8
COIL,3
COL11A1,7
COL13A1,1
COL14A1,1
COL16A1,1
COL1A2,8
COL24A1,3
COL26A1,7
COL27A1,8
COL2A1,7
COL4A1,8
COL4A5,7
COL4A6,7
COL5A2,7
COL9A1,1
COL9A3,1
COLEC12,7
COLGALT1,7
COLGALT2,7
COLQ,3
COMMD3,3
COPA,9
COPB2,3
COPB2-DT,3
COPG1,9
COPG2,4
COPZ1,3
COQ10A,8
COQ10B,4
COQ2,1
COQ5,3
COQ6,9
COQ7,2
COQ8A,4
COQ9,3
CORO2A,1
CORO2B,6
COTL1,2
COX1,1
COX10,8
COX20,3
COX7A2L,3
CPAMD8,7
CPB2-AS1,6
CPE,6
CPEB2,3
CPEB4,3
CPLANE1,3
CPLX2,3
CPNE2,3
CPNE7,4
CPNE8,10
CPPED1,8
CPS1,7
CPSF4,8
CPSF7,7
CPT2,8
CPVL,7
CPZ,1
CRABP2,8
CRADD,3
CRB1,3
CRB2,2
CREB3L2,7
CREB3L4,4
CREB5,6
CREBBP,7
CREBRF,9
CREG1,8
CREG2,9
CRIP3,1
CRISPLD1,3
CRLF3,5
CRMP1,3
CRNDE,5
CROCCP2,7
CROT,2
CRTAP,8
CRTC3,2
CRYBA1,9
CRYBG2,8
CRYBG3,9
CRYL1,3
CRYZL1,6
CS,6
CSF1,8
CSMD2,4
CSPG5,2
CSPP1,3
CSRNP2,2
CSRNP3,6
CSRP1,8
CSRP2,8
CSTB,6
CSTF1,1
CSTF2,8
CSTF2T,4
CTBS,4
CTCF,8
CTDSP1,8
CTDSPL,7
CTH,4
CTNNA1,9
CTNNA2,2
CTNNB1,2
CTNNBIP1,8
CTNND1,8
CTNND2,2
CTNS,8
CTPS1,8
CTPS2,1
CTR9,3
CTSA,8
CTSB,9
CTSC,1
CTSF,1
CTSK,8
CTSO,8
CTSV,1
CTSZ,1
CTTNBP2,1
CUBN,3
CUEDC1,2
CUL4A,8
CUX2,6
CWC22,1
CWC27,8
CX3CL1,3
CXADR,5
CXCL12,1
CXCR4,9
CXXC4,3
CYB561A3,8
CYB561D1,9
CYB5A,3
CYB5D1,8
CYB5R2,1
CYB5R4,3
CYB5RL,7
CYBRD1,9
CYFIP1,7
CYFIP2,2
CYP26A1,4
CYP27A1,9
CYP27C1,2
CYP2R1,3
CYP2S1,4
CYP39A1,6
CYP4V2,2
CYP7B1,7
CYRIA,3
CYRIB,1
CYSTM1,4
CYTB,4
CYTH1,6
CYTH2,7
CYYR1,3
DAAM1,3
DAAM2,7
DAB1,2
DAB2,8
DACH1,7
DACH2,6
DACT1,6
DACT3,3
DAG1,8
DAP,7
DAPK2,8
DAZAP1,8
DAZAP2,3
DAZL,1
DBH,3
DBNDD1,1
DBNDD2,9
DBX1,4
DBX2,7
DCAF11,4
DCAF12,2
DCAF13,7
DCAF16,5
DCAF5,2
DCAF7,3
DCBLD1,9
DCC,6
DCDC1,2
DCHS1,2
DCHS2,3
DCLK1,3
DCLK2,6
DCLRE1C,9
DCP1B,3
DCTD,8
DCTN3,6
DCTN4,3
DCTN5,2
DCTN6,3
DCUN1D2,3
DCUN1D3,1
DCX,6
DCXR,9
DDAH1,2
DDB1,7
DDB2,9
DDHD2,3
DDIAS,1
DDIT3,9
DDIT4L,5
DDOST,8
DDX10,1
DDX19A,8
DDX21,5
DDX24,6
DDX25,1
DDX31,7
DDX42,1
DDX51,7
DDX52,8
DDX55,7
DDX59,9
DDX60,1
DECR1,3
DEDD2,8
DEF8,8
DEGS1,7
DENND10,1
DENND11,3
DENND1B,10
DENND2B,7
DENND3,2
DENND4A,3
DENND4B,3
DENND5B,2
DENR,8
DEPDC5,4
DERA,1
DERL1,3
DESI1,2
DFFB,2
DGCR5,6
DGCR8,8
DGKA,1
DGKB,9
DGKE,2
DGKI,4
DGLUCY,1
DHDDS,1
DHFR,7
DHFR2,3
DHODH,8
DHRS11,8
DHRS12,1
DHRS3,4
DHRS4,8
DHRS4-AS1,3
DHRS4L2,8
DHRS7,3
DHX16,7
DHX30,8
DHX32,9
DHX33,8
DHX40,3
DHX8,8
DIABLO,7
DIAPH1,8
DIAPH2,1
DIAPH3,5
DICER1,3
DIO3,6
DIO3OS,6
DIP2A,2
DIPK1C,7
DIRAS1,6
DIRAS2,3
DIS3L,7
DKC1,7
DKK1,4
DKK3,3
DLAT,5
DLC1,10
DLEU7,9
DLG2,6
DLG3,2
DLGAP1,1
DLK1,7
DLL1,2
DLL3,3
DLX1,6
DLX2,6
DLX5,6
DLX6,6
DMBX1,4
DMC1,1
DMKN,1
DMRT3,10
DMRTA1,10
DMRTA2,7
DMTN,6
DMXL1,3
DNAAF10,8
DNAAF11,6
DNAAF5,8
DNAAF9,6
DNAH10OS,3
DNAH14,4
DNAH6,3
DNAH7,9
DNAI1,3
DNAI4,3
DNAJA1,3
DNAJA3,7
DNAJB1,2
DNAJB11,8
DNAJB2,2
DNAJB5,4
DNAJC1,9
DNAJC11,8
DNAJC12,3
DNAJC15,1
DNAJC16,8
DNAJC18,6
DNAJC24,5
DNAJC28,1
DNAJC3-DT,9
DNAJC6,4
DNAL4,3
DNALI1,3
DNASE1L1,1
DNASE2,9
DNER,6
DNM2,8
DNM3,6
DNMT1,7
DNMT3A,8
DNMT3B,1
DOC2B,6
DOCK10,7
DOCK3,8
DOCK9,1
DOK1,9
DOK4,3
DOK6,3
DOLPP1,5
DONSON,8
DOP1B,7
DPAGT1,2
DPH1,1
DPH2,8
DPH5-DT,2
DPH6,1
DPH7,8
DPP10,3
DPPA4,1
DPY19L2,6
DPY19L2P1,6
DPY19L2P2,6
DPYD,6
DPYSL2,3
DPYSL3,1
DPYSL4,2
DPYSL5,2
DRAM1,9
DRAM2,9
DRAXIN,1
DRC3,2
DRD2,4
DROSHA,8
DRP2,3
DSCC1,5
DSE,8
DSG2,1
DSP,1
DSTN,1
DTD1,3
DTD2,3
DTNA,6
DTNB,1
DTX1,6
DTX3L,4
DTX4,2
DUBR,6
DUSP1,3
DUSP10,9
DUSP14,2
DUSP16,9
DUSP18,3
DUSP28,6
DUSP3,6
DUSP4,6
DUSP5,1
DUSP6,8
DUT,1
DVL3,2
DYDC2,3
DYM,3
DYNC1I1,6
DYNC1I2,6
DYNC2I1,3
DYNC2LI1,3
DYNLL2,7
DYNLT1,3
DYNLT2B,3
DYRK3,6
DYRK4,3
DZANK1,2
DZIP1L,7
E2F2,2
E2F3,8
E2F5,2
E2F6,9
EARS2,1
EBF1,9
EBF3,9
EBF4,3
EBP,5
EBPL,8
ECD,1
ECE1,9
ECEL1,6
ECHDC1,3
ECHDC2,1
ECHDC3,1
ECI2,3
ECPAS,1
EDA,4
EDA2R,9
EDC3,7
EDEM2,4
EDIL3,4
EDNRB,3
EDRF1,10
EEA1,3
EEF1A2,6
EEF1AKMT2,5
EEF1B2,1
EFCAB12,2
EFCAB2,3
EFCAB7,3
EFCC1,9
EFEMP1,8
EFHC1,3
EFHD1,7
EFNA3,3
EFNA4,2
EFNA5,1
EFNB1,3
EFNB2,10
EFNB3,2
EFR3B,7
EFTUD2,8
EGF,7
EGFL6,10
EGFR,3
EGLN1,9
EGLN3,5
EGR1,7
EHBP1,1
EHBP1-AS1,5
EHD2,4
EHD4,1
EHHADH,2
EIF1B,3
EIF2A,3
EIF2AK1,7
EIF2B1,7
EIF2B5,3
EIF2D,3
EIF2S2,1
EIF3A,5
EIF3B,8
EIF3C,8
EIF3D,4
EIF3J-DT,3
EIF4B,4
EIF4E2,1
EIF4E3,7
EIF4ENIF1,7
EIF4G1,8
EIF4G3,6
EIF4H,8
EIF5A,8
EIF5B,1
ELAC2,8
ELAPOR1,6
ELAPOR2,9
ELAVL2,3
ELAVL3,6
ELAVL4,3
ELF2,3
ELF4,9
ELFN2,4
ELK1,8
ELK3,9
ELL2,9
ELMO1,9
ELMO2,2
ELMOD3,3
ELOA,7
ELOA-AS1,3
ELOVL1,9
ELOVL2,2
ELOVL5,9
ELOVL6,9
ELP4,5
EMB,5
EMD,9
EMILIN2,5
EML1,8
EML4,5
EML5,6
EML6,3
EMP1,9
EMX1,8
EMX2,7
EMX2OS,7
ENDOD1,10
ENDOV,2
ENKUR,3
ENO3,8
ENOSF1,2
ENOX1,6
ENOX2,3
ENPP1,1
ENPP2,2
ENPP5,1
ENTPD1,6
ENTPD1-AS1,8
ENTPD4,7
ENTPD7,2
ENTR1,8
ENTREP2,5
EOGT,9
EOLA1,3
EOMES,9
EP400P1,7
EPB41L2,9
EPB41L3,3
EPB41L4B,1
EPC1,3
EPCAM,4
EPCAM-DT,3
EPHA1,1
EPHA2,7
EPHA3,6
EPHA4,1
EPHA7,2
EPHB1,9
EPHB3,3
EPHB4,8
EPHB6,2
EPHX3,4
EPM2A,6
EPOP,1
EPS15,3
EPS8,6
EPS8L2,1
ERAP1,1
ERBB2,8
ERBB3,1
ERBB4,9
ERC2,6
ERCC2,8
ERCC5,3
ERCC6L,1
ERCC6L2,9
ERCC6L2-AS1,9
ERF,7
ERG28,1
ERGIC1,2
ERI2,3
ERICH1,3
ERICH2,1
ERLIN2,8
ERMN,9
ERMP1,1
ERP29,1
ERP44,3
ERRFI1,7
ERV3-1,3
ESD,3
ESRG,4
ESRP1,1
ESRP2,1
ESRRG,6
ESYT1,8
ESYT2,5
ETF1,1
ETFA,2
ETFB,3
ETNK2,6
ETS2,8
ETV4,1
ETV5,8
ETV6,9
EVC2,1
EWSR1,7
EXD2,3
EXO1,8
EXO5,8
EXOC1,3
EXOC2,4
EXOC4,3
EXOC6B,8
EXOSC1,1
EXOSC3,8
EXOSC6,7
EXOSC7,1
EXT1,7
EXT2,7
EXTL3,7
EYA1,4
EYA2,7
EZH2,2
EZR,4
F11R,1
F13A1,1
F2RL1,4
F2RL2,7
F8,8
F8A1,5
FAAH,4
FAAH2,1
FAAP24,9
FABP5,3
FABP7,3
FAF1,10
FAF2,2
FAH,7
FAHD2A,1
FAIM,1
FAM106A,4
FAM107A,3
FAM107B,3
FAM110B,2
FAM111A,1
FAM114A1,2
FAM117A,5
FAM118B,1
FAM120AOS,3
FAM124A,5
FAM131B,5
FAM136A,8
FAM13A-AS1,3
FAM13C,6
FAM149B1,3
FAM161B,3
FAM167A,2
FAM168B,2
FAM171A1,2
FAM171B,2
FAM174B,1
FAM181A,9
FAM181B,3
FAM182A,9
FAM184A,1
FAM200B,3
FAM204A,3
FAM20A,4
FAM210B,6
FAM217B,3
FAM219A,3
FAM221A,9
FAM222B,5
FAM227A,3
FAM227B,3
FAM229B,3
FAM234A,8
FAM241B,3
FAM27C,9
FAM27E3,3
FAM47E,4
FAM53B,3
FAM53C,1
FAM76A,7
FAM81A,9
FAM83B,1
FAM83D,5
FAM83G,5
FAM83H,1
FAM86B1,2
FAM86HP,7
FAM89A,2
FAM8A1,3
FANCD2,5
FANCE,1
FANCI,9
FAP,7
FAR2,1
FARP1,7
FAS,4
FAT1,10
FAT3,3
FAT4,6
FAXC,6
FAXDC2,4
FBLIM1,1
FBLN1,1
FBLN2,1
FBLN7,8
FBN1,10
FBN2,8
FBN3,8
FBXL14,8
FBXL16,6
FBXL17,9
FBXL18,7
FBXL2,3
FBXL5,3
FBXO10,1
FBXO16,10
FBXO2,1
FBXO21,9
FBXO25,6
FBXO27,7
FBXO3,3
FBXO30,5
FBXO33,1
FBXO34,3
FBXO38-DT,3
FBXO41,4
FBXO42,2
FBXO43,9
FBXO46,8
FBXO7,3
FBXO8,3
FBXO9,6
FBXW11,3
FBXW4,1
FBXW7,3
FBXW8,7
FCF1,1
FCHO2,9
FCHSD1,9
FDFT1,3
FDPS,3
FDX1,3
FDX2,8
FDXACB1,3
FECH,8
FER,3
FERMT1,1
FERMT2,5
FEZ1,4
FEZF1,1
FEZF1-AS1,1
FEZF2,7
FGD3,3
FGD6,10
FGF10,9
FGF11,3
FGF12,3
FGF13,3
FGF19,9
FGF2,5
FGF7,6
FGF9,7
FGFBP3,9
FGFR1,5
FGFR1OP2,3
FGFR2,10
FGFR3,9
FGFR4,1
FGFRL1,2
FH,3
FHDC1,1
FHIP1A,1
FHL1,9
FHL2,1
FHL3,8
FHOD3,5
FICD,8
FIG4,4
FILIP1,8
FILIP1L,3
FIRRE,8
FITM2,2
FJX1,1
FKBP11,8
FKBP14,3
FKBP15,3
FKBP1A,5
FKBP1B,4
FKBP4,7
FKBP5,1
FKBP7,3
FKBP9,2
FLAD1,1
FLCN,8
FLII,8
FLJ16779,3
FLNA,7
FLNB,8
FLNC,8
FLOT2,5
FLRT2,7
FLRT3,9
FLVCR2,8
FMN1,4
FMN2,3
FMNL3,7
FMO4,9
FNBP1L,4
FNDC3A,3
FNDC4,2
FNIP2,6
FNTB,6
FOCAD,3
FOS,7
FOSB,7
FOSL2,7
FOXA2,9
FOXA3,1
FOXB1,4
FOXD1,9
FOXG1,6
FOXH1,4
FOXK2,2
FOXN4,3
FOXO1,3
FOXO3,8
FOXO4,4
FOXP1,7
FOXP2,3
FOXP4,7
FOXRED2,8
FRA10AC1,4
FRAS1,8
FRAT2,4
FREM1,9
FRMD3,1
FRMD4A,8
FRMD4B,3
FRMD5,4
FRMD6,5
FRMPD3,3
FRRS1,9
FRRS1L,9
FRZB,8
FSD1,8
FSD1L,3
FSIP2,6
FST,4
FSTL1,8
FSTL5,3
FTH1,1
FTL,1
FTO,8
FTSJ3,8
FUCA1,8
FUNDC1,3
FUNDC2,3
FUS,8
FUT8,10
FXN,8
FXYD5,1
FXYD6,6
FYB2,5
FYN,2
FYTTD1,3
FZD1,7
FZD2,7
FZD4,7
FZD5,8
FZD6,5
FZD7,4
FZD8,7
FZD9,9
GAB1,3
GABARAP,3
GABARAPL1,1
GABARAPL2,3
GABPB1,5
GABPB1-IT1,3
GABRA3,6
GABRB3,4
GABRG3,7
GAD1,6
GAD2,6
GAL3ST3,8
GAL3ST4,3
GALC,3
GALE,2
GALK2,3
GALM,2
GALNT10,4
GALNT12,1
GALNT13,3
GALNT14,4
GALNT16,2
GALNT17,9
GALNT8,3
GANAB,8
GANC,3
GAP43,6
GAR1,8
GAREM1,8
GAREM2,7
GARIN1B,4
GARNL3,6
GARS1,1
GART,8
GAS1,7
GAS5,4
GAS6,8
GAS7,2
GASK1A,1
GATAD2A,8
GATM,9
GBA1LP,3
GBA2,8
GBE1,9
GCC1,5
GCDH,8
GCFC2,1
GCN1,7
GCNT1,5
GCNT2,5
GDAP1,6
GDAP1L1,6
GDE1,3
GDF11,2
GDI1,3
GDI2,3
GDPD5,1
GEMIN4,8
GEMIN5,7
GEMIN8,4
GET1,3
GFOD1,7
GFOD2,7
GFPT2,1
GFRA1,10
GFRA2,6
GGA2,8
GGA3,8
GGCT,5
GGH,3
GGNBP2,3
GHITM,3
GIGYF1,8
GIGYF2,3
GIHCG,3
GIN1,3
GINS1,5
GINS4,8
GJA1,5
GK,3
GKAP1,3
GLB1,7
GLB1L,7
GLB1L2,2
GLCCI1,3
GLCE,3
GLDC,7
GLE1,3
GLI1,9
GLI2,7
GLI3,7
GLIPR2,2
GLIS3,7
GLMP,5
GLOD4,7
GLP1R,2
GLRB,3
GLRX,8
GLRX2,3
GLRX5,8
GLT8D1,3
GLTP,2
GLUD1,10
GLUD2,8
GLUL,9
GLYATL1,8
GLYCTK,3
GLYR1,8
GM2A,9
GMDS,1
GMDS-DT,3
GMIP,3
GNA12,8
GNAI1,1
GNAO1,3
GNAZ,2
GNB5,8
GNG10,10
GNG2,9
GNG3,6
GNG4,6
GNL1,2
GNL3,1
GNPAT,3
GNPDA1,7
GNPDA2,3
GNPNAT1,5
GNPTAB,1
GNS,7
GOLGA1,3
GOLGA2P5,8
GOLGA7,3
GOLGA8B,8
GOLGB1,3
GOLIM4,2
GOLM1,7
GOLM2,3
GON4L,1
GOPC,3
GORASP1,3
GORASP2,8
GOSR2,7
GOT2,7
GPAT4,7
GPATCH11,3
GPC2,3
GPC3,10
GPC4,4
GPD1L,6
GPD2,5
GPHN,3
GPLD1,7
GPM6A,3
GPM6B,9
GPN2,7
GPN3,5
GPR137B,9
GPR143,1
GPR153,8
GPR161,2
GPR173,6
GPR176,1
GPR27,5
GPR39,9
GPR50,6
GPR85,3
GPRASP1,7
GPRASP2,2
GPRASP3,10
GPRC5B,4
GPRIN1,6
GPRIN2,8
GPSM2,9
GPT2,7
GPX3,8
GPX8,9
GRAMD1B,7
GRAMD2B,1
GRASLND,2
GRB10,2
GRB14,1
GRB2,1
GRB7,1
GREB1L,5
GREM2,9
GRHL1,9
GRIA1,3
GRIA2,6
GRIA3,3
GRIA4,3
GRIK2,6
GRIK3,6
GRIK5,1
GRIN2A,4
GRIP1,2
GRIP2,2
GRK3,9
GRK5,7
GRM3,7
GRM8,9
GRPR,4
GRTP1,8
GRWD1,8
GSDMD,1
GSDME,3
GSE1,4
GSK3B,3
GSN,8
GSPT2,9
GSTA4,3
GSTK1,2
GSTM2,3
GSTM3,3
GSTM4,3
GSTO1,9
GSTO2,1
GSTZ1,1
GSX2,6
GTDC1,4
GTF2B,3
GTF2E2,3
GTF2H3,8
GTF2H4,8
GTF2H5,4
GTF2IP1,2
GTF2IRD1,8
GTF2IRD2,7
GTF2IRD2B,2
GTF3A,3
GTF3C1,7
GTF3C2,8
GTF3C3,3
GTPBP1,7
GTPBP2,1
GTPBP4,5
GTSE1,2
GUCA1A,4
GUCY1A1,3
GUCY1A2,9
GUCY1B1,7
GUSB,8
GUSBP1,3
GVQW3,2
GYG1,3
GYG2,1
H1-0,5
H2AC25,3
H2AJ,2
H2AZ2,3
H2BC21,6
H3-3A,4
H3-3B,4
HABP4,3
HACD1,6
HACD3,10
HACD4,9
HACE1,3
HACL1,1
HADH,2
HADHA,3
HADHB,3
HAPLN1,1
HAPLN4,8
HAPSTR2,3
HARS1,7
HAS2,8
HAS3,1
HAUS4,4
HBEGF,7
HBP1,3
HCCS,8
HCFC1R1,5
HCFC2,3
HCG11,5
HCG18,8
HCN3,3
HCN4,4
HDAC1,9
HDAC2,4
HDAC2-AS2,4
HDAC7,7
HDAC8,3
HDAC9,3
HDGF,7
HDHD3,8
HDLBP,7
HEATR5B,3
HEATR6,1
HEBP1,6
HECW1,6
HECW2,7
HEG1,8
HEMK1,2
HEPH,1
HERC1,3
HERC2,2
HERC2P2,3
HERC2P7,2
HERC2P9,6
HERC3,9
HERC4,3
HERC5,1
HERPUD1,6
HERPUD2-AS1,2
HES1,4
HES3,1
HES5,2
HES6,3
HESX1,1
HEXB,5
HEY1,9
HEYL,5
HGSNAT,2
HHIP,9
HHIP-AS1,9
HIBADH,1
HID1,6
HIF1A,5
HIGD1A,3
HILPDA,1
HINFP,8
HIP1,7
HIRIP3,3
HIVEP1,10
HIVEP2,3
HK1,3
HK2-DT,8
HLA-A,1
HLA-DMA,1
HLA-DOA,1
HLA-E,9
HLCS,8
HLTF,3
HMCN1,5
HMG20A,1
HMGA1,8
HMGB3,9
HMGCR,3
HMGCS1,3
HMGN4,9
HMGN5,9
HMGXB3,7
HMOX1,1
HNRNPAB,8
HNRNPD,8
HNRNPF,1
HNRNPL,8
HNRNPLL,3
HNRNPM,8
HOMER1,5
HOMEZ,8
HOOK1,5
HOPX,9
HP1BP3,2
HPCAL4,6
HPDL,4
HPRT1,8
HPS1,8
HPSE2,8
HRH3,1
HRK,4
HROB,8
HS2ST1,3
HS3ST3A1,7
HS3ST3B1,7
HS6ST2,10
HSBP1,3
HSD17B10,8
HSD17B11,3
HSD17B14,8
HSD17B4,1
HSD17B7,3
HSD17B8,3
HSDL2,3
HSF2,3
HSP90AB1,1
HSP90B1,10
HSPA12A,6
HSPA13,6
HSPA1A,10
HSPA1B,2
HSPA2,4
HSPA4L,3
HSPA5,7
HSPG2,8
HTATIP2,4
HTATSF1,3
HTD2,5
HTR1D,4
HTRA1,6
HTT,7
HUNK,7
HUS1,8
HVCN1,1
HYDIN,9
HYOU1,8
IARS1,5
IBTK,3
ICA1,1
ICA1L,3
ICAM1,1
ICMT,5
ID2,1
ID4,2
IDH1,9
IDH2,2
IDH3A,3
IDI1,3
IDS,3
IER3IP1,3
IFFO2,2
IFI6,6
IFIT1,2
IFIT5,3
IFITM1,1
IFITM2,8
IFITM3,8
IFNAR1,6
IFNAR2,6
IFNGR1,3
IFRD1,3
IFRD2,8
IFT20,6
IFT22,3
IFT27,6
IFT46,3
IFT56,2
IFT57,7
IFT70A,9
IFT70B,9
IFT81,3
IFT88,3
IGBP1,3
IGDCC3,3
IGDCC4,7
IGF2BP1,7
IGFBP3,8
IGFBP5,8
IGSF1,1
IGSF11,10
IGSF21,5
IGSF3,1
IKBIP,2
IKBKE,4
IKZF1,9
IKZF4,2
IL10RB,3
IL11RA,3
IL13RA1,9
IL17D,3
IL17RA,9
IL17RD,8
IL1RAP,10
IL1RAPL1,1
IL4R,8
IL6ST,3
ILDR2,9
ILF3,7
IMP4,7
IMPA2,1
IMPACT,1
IMPDH2,4
INA,6
INAFM2,2
INAVA,8
ING2,5
ING4,3
ING5,7
INIP,6
INPP1,3
INPP5A,3
INPP5B,1
INPP5F,8
INSIG2,3
INSM1,3
INSR,4
INSYN1,3
INTS10,6
INTS12,3
INTS5,8
INTS6,5
INTS6L,6
INTS7,3
INVS,6
IPO13,6
IPO4,8
IPO5,1
IPO9,7
IQCA1,1
IQCB1,3
IQCE,2
IQCH,3
IQCK,3
IQCN,2
IQGAP1,9
IQGAP2,3
IQSEC2,8
IRAK1,8
IRAK4,9
IRF2,3
IRF8,9
IRS4,5
IRX2,4
ISL1,6
ISL1-DT,6
ISLR2,6
ISOC1,9
ITFG1,3
ITGA2,9
ITGA2B,4
ITGA3,7
ITGA4,1
ITGA5,5
ITGA6,5
ITGA7,7
ITGA9,9
ITGA9-AS1,3
ITGAE,3
ITGB1BP1,3
ITGB5,8
ITGB8,3
ITPK1,1
ITPKB,9
ITPR3,4
ITPRID2,3
ITPRIP,9
ITPRIPL1,1
ITSN1,8
ITSN2,3
IVD,8
IVNS1ABP,3
JADE1,5
JADE2,4
JAG1,7
JAK1,3
JAK2,3
JAKMIP2,3
JAKMIP2-AS1,1
JAM2,3
JAM3,3
JAZF1,3
JCAD,1
JDP2,2
JMJD6,3
JOSD1,2
JPH1,1
JPH4,4
JRKL,3
JUP,8
KALRN,3
KANK1,1
KANK4,7
KANSL3,2
KAT14,8
KAT2B,6
KAT6A,2
KAT6B,6
KAT7,4
KATNA1,3
KATNAL1,3
KATNAL2,9
KBTBD11,3
KBTBD11-AS1,3
KBTBD6,3
KCMF1,5
KCNA2,6
KCNB1,6
KCNC1,2
KCNC3,8
KCND1,1
KCNG3,5
KCNH5,4
KCNH8,6
KCNIP2,5
KCNJ13,10
KCNJ8,3
KCNK10,9
KCNK12,2
KCNK2,6
KCNK5,1
KCNK6,1
KCNMA1,8
KCNMB4,6
KCNN1,6
KCNN2,4
KCNN3,3
KCNQ3,7
KCNS3,1
KCNT2,3
KCTD11,3
KCTD13,2
KCTD14,1
KCTD16,6
KCTD18,3
KCTD2,7
KCTD20,2
KCTD21-AS1,7
KCTD3,3
KCTD6,10
KDELR3,9
KDM1A,8
KDM1B,3
KDM2A,1
KDM2B,8
KDM3A,3
KDM4C,7
KDM6A,1
KDM7A,3
KDM8,8
KDR,4
KHDC1,8
KHDC4,8
KHDRBS2,3
KHDRBS3,5
KIAA0319,2
KIAA0408,6
KIAA0753,3
KIAA1217,5
KIAA1328,3
KIAA1549L,6
KIAA1671,7
KIDINS220,6
KIF15,3
KIF17,1
KIF1C,7
KIF20A,4
KIF21A,9
KIF21B,6
KIF24,2
KIF26B,3
KIF27,3
KIF2A,3
KIF2C,3
KIF3A,3
KIF3B,7
KIF3C,3
KIF5A,6
KIF5C,6
KIFAP3,3
KIRREL1,7
KIT,3
KITLG,3
KIZ,9
KLC1,6
KLF10,10
KLF11,1
KLF12,3
KLF16,5
KLF7,6
KLF8,4
KLHDC10,3
KLHDC2,8
KLHDC4,8
KLHDC8A,7
KLHDC8B,2
KLHL13,4
KLHL14,10
KLHL2,3
KLHL20,9
KLHL4,4
KLHL5,9
KLHL9,3
KMT5A,2
KNOP1,1
KNSTRN,3
KPNB1,8
KRAS,4
KRBOX4,3
KRBOX5,3
KRCC1,3
KRI1,8
KRT10,2
KRT10-AS1,3
KRT18,1
KRT19,1
KRT8,8
KRTCAP3,1
L1TD1,1
L2HGDH,5
L3HYPDH,3
L3MBTL1,8
L3MBTL2,8
L3MBTL3,3
LACTB,3
LACTB2,9
LAG3,8
LAMA1,7
LAMB1,1
LAMC1,8
LAMP1,8
LAMTOR3,3
LAMTOR5,3
LAPTM4A,5
LAPTM4B,8
LARGE1,8
LARGE2,1
LARP1,8
LARS2,8
LAS1L,1
LATS2,7
LBH,6
LCA5,3
LCMT2,8
LCTL,8
LDAH,3
LDB2,4
LDHA,1
LDLRAD4,6
LDLRAP1,8
LEFTY2,7
LEMD1-DT,7
LEMD3,3
LEPR,9
LEPROT,9
LETM2,9
LETMD1,3
LFNG,7
LGALS1,1
LGALS3BP,4
LGALS8,3
LGI1,5
LGI2,7
LGMN,8
LGR4,1
LGR5,7
LHFPL2,8
LHFPL4,1
LHFPL6,3
LHPP,1
LHX2,2
LHX5,5
LIAS,7
LIFR,9
LIG4,3
LIM2,5
LIMA1,3
LIMCH1,4
LIMD1,9
LIMK2,8
LIN28A,1
LIN52,2
LIN7A,3
LINC00174,7
LINC00205,7
LINC00261,9
LINC00294,3
LINC00391,1
LINC00467,9
LINC00472,3
LINC00632,9
LINC00641,3
LINC00649,1
LINC00664,5
LINC00665,1
LINC00667,2
LINC00698,4
LINC00847,9
LINC00869,4
LINC00960,4
LINC01003,9
LINC01128,6
LINC01138,4
LINC01145,10
LINC01159,3
LINC01198,10
LINC01224,4
LINC01234,1
LINC01278,3
LINC01414,9
LINC01551,6
LINC01670,3
LINC01833,8
LINC02035,3
LINC02301,3
LINC02367,1
LINC02525,9
LINC02609,9
LINC02693,2
LINC02981,3
LINC02987,7
LINC03025,9
LINC03053,1
LINC03105,3
LINC03112,10
LINC03124,9
LINGO1,1
LIPA,3
LIPG,2
LIPT2,8
LIPT2-AS1,4
LITAF,9
LIX1,10
LIX1L,2
LLGL2,5
LLPH,3
LMAN1,5
LMAN2L,7
LMBRD1,3
LMBRD2,3
LMF1,3
LMLN,3
LMNB1,2
LMNB2,8
LMO1,1
LMO3,3
LMO4,2
LMO7,3
LMTK2,7
LMX1A,1
LNP1,9
LNPEP,9
LNPK,3
LOC100289495,3
LOC100294145,3
LOC100506274,9
LOC100507053,7
LOC101927468,1
LOC101929021,9
LOC101929305,3
LOC103344931,2
LOC105369250,7
LOC105372321,8
LOC105376805,1
LOC105377209,3
LOC107985911,9
LOC112268117,5
LOC122455341,4
LOC124900275,9
LOC124900697,4
LOC124902947,9
LOC124904158,8
LOC124905564,2
LOC124906712,4
LOC128706666,1
LOC283731,6
LOC400499,9
LOC652276,8
LOC728392,2
LOC728485,8
LOC728743,1
LOC729732,5
LONP2,2
LONRF1,3
LONRF2,6
LOXL1-AS1,8
LOXL2,8
LOXL3,3
LPAR1,1
LPAR3,1
LPAR4,10
LPAR6,9
LPCAT3,1
LPGAT1,3
LPIN1,3
LPIN2,8
LRAT,1
LRATD1,3
LRATD2,7
LRBA,1
LRCH1,9
LRCH2,3
LRIF1,9
LRIG1,8
LRIG3,5
LRP10,3
LRP11,3
LRP12,7
LRP2,2
LRP2BP,9
LRP4,8
LRP5,2
LRP8,9
LRRC1,7
LRRC17,3
LRRC23,3
LRRC27,3
LRRC28,3
LRRC3,2
LRRC34,5
LRRC37A3,3
LRRC3B,5
LRRC4,7
LRRC49,3
LRRC4C,6
LRRC51,3
LRRC57,9
LRRC59,7
LRRC7,6
LRRC8A,8
LRRC8B,1
LRRC8C,10
LRRC8C-DT,2
LRRC8D,1
LRRCC1,3
LRRFIP1,3
LRRFIP2,7
LRRIQ1,3
LRRN1,8
LRRN3,3
LRRTM2,3
LRRTM4,6
LSAMP,9
LSG1,1
LSM11,9
LSM12,1
LSM14B,7
LSM6,8
LSM8,3
LSR,8
LSS,6
LTA4H,1
LTB4R,8
LTBP1,7
LTBP2,7
LTBP3,2
LUC7L2,2
LUC7L3,3
LUZP2,4
LXN,9
LY6E,1
LY6G5B,8
LYAR,1
LYN,1
LYNX1,4
LYPD1,9
LYPD6,3
LYRM1,3
LYRM2,3
LYRM4-AS1,2
LYRM9,7
LYSET,3
LYSMD1,3
LYST,3
LZIC,3
LZTFL1,3
LZTS1,3
M6PR,9
MAB21L1,9
MACC1,1
MACIR,3
MACO1,3
MACROD2,2
MACROH2A1,2
MACROH2A2,7
MAD2L2,1
MADD,3
MAFG,7
MAGED1,3
MAGED4B,3
MAGEE1,7
MAGEH1,9
MAGEL2,2
MAGI2,3
MAGI2-AS3,3
MAK,5
MAL2,4
MALL,4
MAMDC2,7
MAML2,9
MAMLD1,6
MAN1A1,2
MAN1C1,4
MAN2A1,1
MAN2A2,2
MANEA,3
MANEAL,6
MANF,7
MANSC1,9
MAOA,4
MAP10,1
MAP1A,2
MAP1B,3
MAP2,6
MAP2K4,3
MAP2K6,1
MAP3K12,1
MAP3K13,3
MAP3K14,7
MAP3K21,1
MAP3K4-AS1,6
MAP3K6,1
MAP3K8,8
MAP3K9,7
MAP3K9-DT,8
MAP4,7
MAP4K1,1
MAP4K2,8
MAP4K3-DT,3
MAP4K4,6
MAP6,3
MAP6D1,7
MAP7,5
MAP7D2,8
MAP7D3,1
MAP9,3
MAPDA,8
MAPK10,1
MAPK11,2
MAPK12,7
MAPK1IP1L,5
MAPK8IP2,6
MAPKAP1,8
MAPKAPK3,8
MAPKAPK5,8
MAPKAPK5-AS1,4
MAPRE2,3
MAPRE3,6
MAPT,6
MARCHF5,3
MARCHF9,3
MARF1,6
MARK1,3
MARS1,8
MARS2,8
MARVELD1,1
MARVELD2,1
MARVELD3,1
MASP1,3
MAST1,6
MAST2,2
MASTL,1
MAT2A,8
MAT2B,3
MATCAP2,3
MAX,7
MB21D2,1
MBD4,4
MBD5,3
MBIP,3
MBLAC2,9
MBNL1,3
MBNL2,3
MBNL3,1
MC1R,6
MCAM,2
MCC,3
MCCC1,3
MCCC2,8
MCEE,3
MCF2L,8
MCF2L2,1
MCM3,5
MCM3AP,7
MCM3AP-AS1,7
MCM4,5
MCM5,8
MCM9,1
MCMBP,8
MCOLN3,4
MCPH1,3
MCTP1,6
MCTS1,9
MCU,5
MCUB,7
MCUR1,7
MDC1,7
MDN1,8
ME3,8
MEAF6,3
MEAK7,2
MECOM,7
MECR,1
MED10,3
MED20,1
MED22,8
MED7,9
MEF2C,6
MEG3,1
MEGF10,4
MEGF9,6
MEIOC,4
MEIS1,2
MEIS2,6
MERTK,7
MESD,8
MEST,3
MET,1
METAP1,5
METTL1,1
METTL13,8
METTL16,8
METTL24,10
METTL25,1
METTL2A,7
METTL2B,7
METTL3,7
METTL4,3
METTL9,3
MFAP2,8
MFAP3L,5
MFF,3
MFGE8,4
MFHAS1,5
MFSD12,7
MFSD14A,3
MFSD2A,9
MFSD6,9
MGAT3,2
MGAT4A,3
MGC12916,8
MGLL,9
MGST1,4
MGST3,4
MICAL1,5
MICAL2,1
MICB,1
MICU1,3
MID2,2
MIDEAS,2
MIEF1,7
MINAR1,9
MINDY3,3
MIPEP,7
MIR106AHG,5
MIR124-1HG,3
MIR124-2HG,3
MIR130AHG,8
MIR17HG,5
MIR1915HG,5
MIR302CHG,4
MIR325HG,3
MIR7-3HG,3
MIR762HG,3
MIR9-1HG,7
MIR9-2HG,6
MIR924HG,8
MIR99AHG,3
MIS18A,8
MKI67,9
MKKS,3
MKNK1,2
MKRN1,3
MKRN2,3
MKRN3,3
MLC1,6
MLF1,9
MLLT11,6
MLLT3,3
MLLT6,6
MMAA,3
MMACHC,7
MMADHC,4
MMP11,4
MMP14,1
MMP2,8
MMP24,4
MMRN1,3
MMS19,1
MMUT,3
MN1,9
MOAP1,6
MOB3B,9
MOCS1,8
MOCS2,3
MOK,2
MORC3,3
MORC4,3
MORN2,3
MORN4,3
MOSMO,10
MOV10,8
MPC1,3
MPDZ,3
MPHOSPH8,3
MPI,4
MPP3,6
MPP7,5
MPPE1,9
MPPED1,6
MPPED2,3
MPV17L2,8
MRAP2,9
MREG,5
MRM2,1
MRNIP,7
MROH8,6
MRPL3,8
MRPL32,1
MRPL35,3
MRPL40,3
MRPL44,1
MRPL48,3
MRPL49,1
MRPS14,3
MRPS18B,2
MRPS25,7
MRPS27,1
MRPS33,3
MRPS9,8
MRRF,6
MRS2,6
MRTFA,7
MRTO4,8
MSANTD2,2
MSANTD2-AS1,3
MSANTD4,3
MSH3,5
MSH5,9
MSH6,8
MSN,1
MSRA,3
MSRB3,7
MSTO1,8
MT1X,8
MTA3,5
MTCL1,4
MTCL3,6
MTERF2,3
MTERF4,8
MTFR1L,3
MTHFD1,7
MTHFD2,4
MTHFD2L,3
MTHFS,1
MTIF3,3
MTM1,4
MTMR10,9
MTMR14,8
MTMR3,3
MTMR4,3
MTMR6,3
MTMR7,1
MTOR,8
MTPAP,5
MTRES1,3
MTRFR,7
MTSS1,6
MTSS2,2
MTTP,9
MTURN,3
MTUS1,6
MUC12,9
MUC4,4
MXD1,3
MXI1,3
MXRA5,7
MXRA7,3
MXRA8,8
MYADM,7
MYBBP1A,8
MYBL2,8
MYC,8
MYCBP2,3
MYCL,9
MYCN,1
MYD88,3
MYH14,8
MYH2,7
MYH9,8
MYL12A,5
MYL9,8
MYLIP,8
MYLK,10
MYLK-AS1,3
MYO10,7
MYO15B,1
MYO16,3
MYO19,1
MYO1B,10
MYO1C,8
MYO1E,9
MYO3B,1
MYO5B,1
MYO5C,8
MYO7A,1
MYOF,10
MYORG,3
MYOZ1,1
MYRF,9
MYT1,6
N4BP1,8
N4BP2L1,3
N4BP2L2,3
N4BP3,5
N6AMT1,7
NAA30,5
NAALAD2,3
NAB1,2
NAB2,2
NACC1,8
NADSYN1,9
NAIP,3
NALF2,3
NANOS1,8
NANS,2
NAP1L2,4
NAP1L4,3
NAP1L5,6
NAPB,6
NARS2,10
NASP,1
NAT1,9
NAT10,8
NAV1,7
NAV2,5
NAV3,6
NBAS,3
NBDY,3
NBEAL2,1
NBL1,7
NBPF1,2
NBPF10,3
NBPF11,3
NBPF12,3
NBPF14,3
NBPF15,6
NBPF20,6
NBPF25P,3
NBPF26,2
NBPF3,4
NBPF8,6
NBPF9,6
NBR1,3
NCALD,7
NCAM1,3
NCAPH,8
NCKAP5,9
NCKIPSD,8
NCL,8
NCOA4,3
NCOA6,2
NCOA7,1
NCR3LG1,3
NCS1,2
ND2,4
NDFIP1,3
NDN,3
NDNF,6
NDP,3
NDRG2,3
NDRG3,2
NDRG4,6
NDST1,7
NDST3,6
NDST4,6
NDUFA10,3
NDUFA8,3
NDUFA9,1
NDUFAF3,3
NDUFAF5,3
NDUFAF6,6
NDUFAF7,8
NDUFB5,3
NDUFC1,3
NDUFS4,3
NEBL,9
NECAB1,4
NECAP1,6
NECAP2,8
NECTIN1,7
NECTIN2,7
NECTIN3,2
NEDD1,9
NEDD4,3
NEDD4L,3
NEDD9,2
NEFH,2
NEFL,6
NEFM,3
NEGR1,3
NEIL1,8
NEIL3,3
NEK2,9
NEK3,8
NEK6,2
NEK8,1
NEK9,7
NELFCD,2
NELL2,3
NEMF,3
NENF,3
NEO1,7
NETO1,9
NETO2,7
NEU1,2
NEURL1B,1
NEUROD1,9
NEUROD4,9
NEXMIF,3
NEXN,7
NFATC2IP,8
NFATC3,3
NFE2,1
NFE2L2,9
NFE2L3,1
NFKB1,9
NFKBIB,8
NFKBIZ,1
NFRKB,7
NFX1,2
NFYA,9
NGEF,5
NGRN,3
NHLH1,2
NHLH2,9
NHS,5
NHSL1,2
NHSL3,8
NIBAN2,1
NICN1,6
NID1,8
NID2,5
NIN,3
NINJ2-AS1,4
NIP7,1
NIPA1,3
NIPSNAP1,8
NIPSNAP2,3
NIPSNAP3A,6
NIT1,9
NIT2,3
NKAIN1,2
NKAIN2,6
NKAIN3,5
NKAP,9
NKAPD1,3
NKRF,5
NKX2-1,6
NKX2-2,9
NKX6-1,9
NKX6-2,9
NLE1,8
NLGN1,2
NLGN4X,3
NLN,1
NLRP2,8
NLRX1,1
NMD3,3
NME4,1
NME6,2
NME7,3
NMNAT2,6
NMRAL1,1
NMRK2,4
NMT1,8
NMT2,6
NMU,3
NNT,3
NOC2L,8
NOCT,8
NOD1,2
NOL4,6
NOL4L,2
NOL6,8
NOLC1,1
NOM1,5
NOMO1,8
NONO,2
NOP14,8
NOP16,1
NOP2,8
NOP56,1
NOP58,1
NOS2,7
NOVA1,6
NOVA2,2
NPAS3,3
NPC2,1
NPEPPS,7
NPHP1,2
NPIPA2,1
NPLOC4,7
NPM3,1
NPR2,1
NPRL2,3
NPTN,5
NPTX1,1
NPTX2,9
NPTXR,3
NPY1R,1
NPY2R,7
NQO2,2
NR1D2,5
NR2C1,10
NR2C2AP,1
NR2E1,3
NR2F1,2
NR2F1-AS1,3
NR2F2,9
NR2F2-AS1,9
NR4A1,2
NR5A1,10
NR6A1,5
NRARP,2
NRAS,5
NRAV,3
NRBP1,1
NRCAM,3
NRG1,8
NRIP1,2
NRIP3,5
NRN1,9
NRP1,6
NRP2,4
NRSN1,6
NRXN1,1
NRXN2,6
NRXN3,4
NSD1,5
NSD3,3
NSF,3
NSG1,6
NSG2,6
NSMAF,4
NSMCE1,4
NSUN2,8
NSUN6,6
NSUN7,8
NT5C2,7
NT5C3A,3
NT5DC1,5
NT5DC3,1
NTAN1,4
NTAQ1,9
NTF3,1
NTM,3
NTN1,9
NTN4,6
NTNG1,9
NTPCR,3
NTRK2,9
NTRK3,7
NTS,9
NUAK1,7
NUAK2,7
NUCB2,2
NUDCD2,9
NUDT1,1
NUDT10,6
NUDT11,6
NUDT12,3
NUDT15,8
NUDT16,2
NUDT6,8
NUDT7,3
NUDT9,3
NUF2,3
NUFIP1,8
NUP188,8
NUP210,8
NUP214,7
NUP50-DT,3
NUP54,1
NUP62,8
NUP62CL,3
NUP93,8
NUP98,10
NUTM2D,7
NXPE3,3
NXPH2,2
NXPH3,5
NYAP1,6
NYNRIN,8
OAF,3
OAT,3
OAZ2,7
OBI1,3
OCIAD2,8
OCLN,5
ODAD2,1
ODAD4,6
ODC1,2
ODF2,2
ODF2L,3
OFD1,3
OGA,1
OGDH,8
OGFOD1,7
OGFOD3,8
OGFRL1,3
OGG1,8
OLA1,4
OLFM1,3
OLFM2,1
OLFM3,10
OLFML2A,1
OLFML3,4
OLIG2,3
OLMALINC,3
ONECUT1,6
ONECUT2,3
ONECUT3,3
OPN3,9
OPRK1,4
OPTN,4
ORAI2,2
ORC1,1
ORC2,5
ORC6,8
ORMDL3,8
OS9,3
OSBP2,5
OSBPL10,1
OSBPL1A,4
OSBPL6,10
OSCP1,2
OSER1,3
OSER1-DT,3
OSGEP,8
OSGEPL1,3
OSTM1,3
OTP,3
OTUB2,1
OTUD6B-AS1,3
OTUD7A,9
OTULINL,7
OTX1,5
OTX2,8
OXNAD1,1
OXR1,3
P2RX3,2
P2RY1,9
P2RY2,7
P3H2,8
P3H3,8
P4HA2,3
PAAF1,3
PABIR3,3
PABPC1,5
PABPC1L,8
PABPC4,8
PABPC5,3
PABPN1,8
PACC1,3
PACRG,3
PACRGL,9
PACS1,2
PACSIN3,4
PAFAH1B2,5
PAGR1,1
PAICS,5
PAK1,3
PAK2,3
PAK3,3
PAK5,6
PALB2,1
PALD1,8
PALLD,7
PALM2AKAP2,8
PALM3,7
PAM,3
PAMR1,1
PANTR1,3
PANX1,6
PAPLN,1
PAPPA,3
PAPPA-AS1,3
PAPSS1,4
PAQR6,8
PAQR7,2
PAQR8,5
PARD3B,9
PARD6A,3
PARD6B,10
PARD6G,2
PARG,5
PARM1,2
PARN,1
PARP1,2
PARP11,3
PARP12,1
PARP14,4
PARP16,3
PARP2,3
PARP4,9
PARP9,4
PARVA,7
PARVB,1
PATJ,1
PAWR,5
PAX6,7
PAXBP1-AS1,6
PAXIP1,8
PBK,3
PBX3,3
PBXIP1,5
PCBD1,1
PCBD2,6
PCCA,4
PCCA-DT,8
PCCB,1
PCDH1,1
PCDH17,6
PCDH19,6
PCDH7,7
PCDH9,6
PCDHA11,9
PCDHA2,3
PCDHA4,3
PCDHB14,8
PCDHB15,8
PCDHB5,5
PCDHGA10,8
PCDHGA11,1
PCDHGB4,9
PCDHGB7,8
PCDHGC3,2
PCDHGC4,2
PCK2,1
PCLAF,1
PCM1,2
PCNX2,8
PCNX4,3
PCOLCE,1
PCOLCE2,1
PCSK1,4
PCSK2,3
PCSK5,8
PCSK6,9
PCSK7,7
PCTP,8
PCYOX1,10
PCYT1A,7
PCYT1B,1
PCYT2,9
PDCD11,8
PDCD2L,1
PDCD4,3
PDCD5,2
PDCD6IP,3
PDCD6IP-DT,8
PDCD7,2
PDCL,3
PDE10A,3
PDE1C,3
PDE3A,2
PDE3B,3
PDE4A,7
PDE4B,3
PDE4D,3
PDE4DIP,6
PDE5A,1
PDE6B,1
PDE6D,3
PDE7A,5
PDE8A,3
PDE9A,7
PDGFA,5
PDGFC,9
PDGFD,9
PDGFRL,8
PDHA1,8
PDIA3,8
PDIA4,5
PDIA5,9
PDIA6,5
PDIK1L,3
PDLIM1,4
PDLIM3,3
PDLIM5,2
PDLIM7,8
PDP1,5
PDPN,3
PDPR,8
PDS5B,3
PDXDC1,1
PDXP,8
PDYN,3
PDZD2,1
PDZD4,3
PEA15,2
PECR,8
PEG10,6
PELI2,5
PELI3,2
PELO,10
PEPD,8
PER3,4
PERP,1
PES1,8
PET117,4
PEX11A,6
PEX11B,3
PEX5,7
PEX5L,9
PEX7,1
PFAS,8
PFKFB2,1
PFKFB3,7
PFKP,1
PGAM1,1
PGAM5,8
PGAP3,8
PGAP4,4
PGBD4,3
PGBD5,9
PGD,8
PGM1,3
PGM2,2
PGM2L1,6
PGPEP1,9
PGRMC1,9
PGRMC2,5
PGS1,7
PHACTR1,3
PHACTR2,5
PHACTR3,9
PHAX,8
PHB1,1
PHC1,1
PHETA2,1
PHF11,9
PHF12,8
PHF13,8
PHF14,3
PHF19,9
PHF2,2
PHF20,5
PHF20L1,3
PHF21A,3
PHF21B,6
PHF23,8
PHGDH,8
PHKA1,6
PHKA2,1
PHKB,9
PHLDA3,3
PHLDB2,5
PHTF1,9
PHYH,3
PHYHD1,1
PHYHIPL,6
PI4K2A,8
PIAS1,9
PIAS3,1
PICALM,3
PICK1,8
PIERCE1,2
PIERCE2,3
PIEZO1,1
PIGH,3
PIGM,2
PIGO,5
PIGP,3
PIGS,3
PIGU,3
PIGV,1
PIGW,1
PIGX,2
PIGY,3
PIH1D2,3
PIK3C2B,3
PIK3C3,2
PIK3CA,3
PIK3CB,5
PIK3CD,1
PIK3IP1,3
PIK3R1,3
PIK3R3,3
PIK3R5,1
PIM1,4
PIM2,4
PIN4,3
PINK1-AS,7
PINLYP,9
PIP4K2C,1
PIP4P1,1
PIP4P2,4
PIP5K1A,8
PIP5K1B,7
PIPOX,1
PISD,8
PITHD1,1
PITPNA,7
PITPNC1,9
PITPNM3,4
PITRM1,6
PJA1,3
PJA2,3
PKDCC,4
PKIA,3
PKIB,5
PKM,7
PKNOX1,6
PKNOX2,2
PKP2,1
PKP4,7
PLA2G3,2
PLA2G7,1
PLAAT3,4
PLAAT5,4
PLAGL1,9
PLAGL2,8
PLAT,8
PLAU,1
PLAUR,9
PLBD1,1
PLCB3,8
PLCE1,3
PLCG2,8
PLCH1,2
PLCL1,3
PLCL2,4
PLEKHA1,10
PLEKHA2,3
PLEKHA3,9
PLEKHA5,1
PLEKHA6,3
PLEKHA7,3
PLEKHB1,9
PLEKHF2,9
PLEKHG1,2
PLEKHG2,7
PLEKHG3,8
PLEKHG4,1
PLEKHG4B,7
PLEKHG6,4
PLEKHH1,7
PLEKHO2,1
PLGLB1,6
PLGRKT,3
PLIN2,1
PLK2,9
PLK3,2
PLOD2,3
PLOD3,7
PLP1,2
PLPBP,7
PLPP1,4
PLPP2,4
PLPP5,1
PLPP6,9
PLPPR1,3
PLPPR2,3
PLS1,1
PLS3,5
PLSCR1,3
PLXDC2,5
PLXNA2,2
PLXNC1,3
PLXND1,5
PMEL,1
PMEPA1,6
PMM1,3
PMM2,1
PMP22,8
PMPCA,8
PMS2,8
PNCK,5
PNISR,3
PNMA1,2
PNMA2,3
PNMA3,9
PNMA8A,2
PNMA8C,6
PNO1,1
PNP,1
PNPLA4,8
PNPLA6,8
PNPLA8,3
PNRC2,3
POC1A,1
POC5,3
PODXL,4
PODXL2,3
POFUT1,8
POFUT2,7
POGLUT2,3
POGLUT3,8
POLB,4
POLD4,9
POLDIP2,8
POLE,8
POLE3,6
POLI,1
POLK,3
POLR1A,7
POLR1B,5
POLR1D,4
POLR1E,1
POLR1G,1
POLR2D,2
POLR2G,3
POLR2H,1
POLR2M,9
POLR3A,8
POLR3B,8
POLR3E,8
POLR3G,4
POLR3GL,3
POLR3H,7
POM121,7
POMT2,2
PON1,1
PON2,9
POP5,8
POP7,8
POT1-AS1,3
POU2F2,6
POU3F1,5
POU3F2,9
POU3F3,6
POU3F4,9
POU5F1,4
POU6F1,3
POU6F2,9
PPA1,3
PPAN,8
PPARA,9
PPARGC1B,4
PPCDC,1
PPCS,3
PPFIA1,8
PPFIA2,6
PPFIA3,3
PPFIBP2,4
PPIE,3
PPIF,2
PPIL4,3
PPIL6,3
PPIP5K1,8
PPIP5K2,6
PPL,4
PPM1D,2
PPM1E,3
PPM1G,8
PPM1K,3
PPM1L,9
PPM1N,1
PPME1,2
PPP1R13B,6
PPP1R14C,2
PPP1R16B,9
PPP1R17,4
PPP1R1A,3
PPP1R1B,4
PPP1R21,6
PPP1R3C,1
PPP1R3D,9
PPP1R3F,3
PPP2R2B,8
PPP2R2D,3
PPP2R3A,10
PPP2R3C,3
PPP2R5B,6
PPP2R5C,3
PPP3CC,3
PPP4R4,3
PPP5C,8
PPRC1,8
PPT1,1
PPT2,2
PRAG1,1
PRC1,3
PRCP,3
PRDM11,7
PRDM14,4
PRDM16,2
PRDM16-DT,2
PRDM4,6
PRDX1,1
PRDX6,7
PRELID3B,9
PREP,9
PREPL,3
PREX1,9
PREX2,5
PRICKLE1,4
PRICKLE2,1
PRIM1,1
PRIMA1,5
PRKACA,2
PRKACB,6
PRKAG1,3
PRKAG2,9
PRKAR1A,3
PRKAR1B,8
PRKAR2B,3
PRKCA,9
PRKCB,4
PRKCD,1
PRKCE,9
PRKCQ,4
PRKCZ,1
PRKD1,6
PRKG1,4
PRKRA,2
PRMT2,6
PRMT8,9
PRNP,9
PROCR,4
PRODH,4
PROM1,6
PROS1,9
PROSER1,1
PROSER2,9
PROX1,9
PRPF38A,8
PRPF4,8
PRPF40B,1
PRPF8,7
PRPS1,1
PRPSAP1,2
PRR13,9
PRR14L,1
PRR3,3
PRR5L,4
PRRG1,9
PRRG3,3
PRRT3,1
PRSS16,1
PRSS23,8
PRSS35,2
PRSS8,1
PRTFDC1,8
PRTG,10
PRUNE1,1
PRUNE2,5
PRXL2A,7
PRXL2C,2
PSAP,8
PSAT1,1
PSD,3
PSD2,6
PSD3,3
PSEN1,10
PSEN2,7
PSIP1,5
PSKH1,8
PSMA3-AS1,2
PSMB8,1
PSMD2,8
PSMD5,5
PSME1,3
PSME3,8
PSMF1,6
PSMG1,8
PSMG2,3
PSMG3,5
PSRC1,2
PSTK,1
PSTPIP2,2
PTBP1,8
PTBP3,4
PTCD1,8
PTCH1,9
PTCH2,3
PTCHD1,2
PTDSS1,7
PTER,4
PTGFR,9
PTGIS,8
PTGR1,5
PTGR2,9
PTGR3,3
PTGS1,1
PTK2,2
PTK7,1
PTMA,5
PTN,8
PTP4A2,7
PTPA,1
PTPMT1,1
PTPN1,7
PTPN13,10
PTPN14,5
PTPN2,1
PTPN3,1
PTPN5,7
PTPN6,1
PTPN9,9
PTPRA,3
PTPRD-AS1,6
PTPRE,9
PTPRG,8
PTPRJ,7
PTPRM,10
PTPRO,6
PTPRU,5
PTPRZ1,2
PTTG1,3
PTX3,2
PUM3,1
PURG,3
PUS1,8
PUS7,8
PWP2,8
PWWP2A,4
PWWP3B,6
PXDC1,9
PXDN,7
PXMP4,1
PXN,8
PXYLP1,9
PYCR1,1
PYGL,7
PYGM,1
PYGO1,3
PYGO2,8
PYROXD1,3
PYURF,3
QKI,9
QNG1,5
QPCT,7
QPCTL,8
QPRT,1
QRICH1,8
QRICH2,7
QSOX1,8
QTRT2,8
RAB11A,3
RAB11FIP1,8
RAB11FIP4,9
RAB11FIP5,1
RAB13,9
RAB15,8
RAB1A,3
RAB24,6
RAB25,1
RAB27A,8
RAB28,9
RAB2A,9
RAB30,6
RAB32,2
RAB33A,9
RAB33B,5
RAB34,9
RAB36,2
RAB38,1
RAB39B,3
RAB3A,6
RAB3B,5
RAB3C,6
RAB3GAP1,3
RAB3IP,4
RAB40A,7
RAB40B,6
RAB4A,9
RAB4A-AS1,9
RAB5B,3
RAB6B,4
RAB7A,3
RAB9B,3
RABEP1,3
RABEPK,2
RABGAP1,3
RABGAP1L,4
RABGEF1,10
RABGEF1P1,8
RABGGTB,1
RABL2A,2
RABL2B,2
RABL3,7
RAC1,5
RACGAP1,3
RAD23B,10
RAD50,1
RAD51,5
RAD51C,5
RAD52,2
RADX,3
RAI14,2
RALA,5
RALB,10
RALGAPA1,3
RALGPS1,1
RALYL,6
RANBP10,7
RANGAP1,8
RAP1A,3
RAP1GAP,4
RAP1GAP2,4
RAP1GDS1,3
RAPGEF2,3
RAPGEF6,3
RAPGEFL1,7
RARB,10
RARG,1
RARRES2,4
RASA3,3
RASAL2,6
RASD1,3
RASGEF1A,4
RASGEF1B,6
RASL12,1
RASSF10,5
RASSF2,9
RASSF3,1
RASSF4,3
RAX,8
RB1,3
RBBP7,2
RBBP9,3
RBFA,1
RBKS,1
RBL2,3
RBM14,8
RBM17,7
RBM18,3
RBM19,8
RBM22,3
RBM23,2
RBM24,5
RBM26-AS1,3
RBM3,7
RBM39,3
RBM43,1
RBM45,3
RBM47,5
RBM48,3
RBM4B,6
RBM5,3
RBM8A,3
RBMS1,5
RBMS2,3
RBMX2,9
RBP1,3
RBPMS,4
RBPMS2,1
RCAN1,6
RCAN3,1
RCBTB2,10
RCC1,8
RCC2,8
RCE1,8
RCL1,1
RCN1,8
RDH10,7
RDH11,3
RDH5,7
RDX,3
RECK,6
REEP1,6
REEP5,3
RELA,2
RELCH,10
RELL1,9
RELT,7
REM2,6
REPS1,5
REPS2,1
RERE,7
REST,5
RET,1
REV1,3
REV3L,2
REXO2,8
REXO5,3
RFC2,8
RFC3,5
RFC4,1
RFC5,3
RFFL,4
RFLNB,8
RFTN1,3
RFWD3,5
RFX2,2
RFX3,3
RFX4,9
RGL1,7
RGMB,4
RGS10,1
RGS16,1
RGS2,3
RGS20,2
RGS5,7
RGS9,3
RHBDF2,1
RHEB,9
RHOBTB1,6
RHOBTB2,2
RHOBTB3,3
RHOC,3
RHOH,1
RHOU,5
RHPN2,5
RIC8B,9
RIGI,4
RILPL2,2
RIMKLA,3
RIMS1,6
RIMS4,1
RIN2,3
RIN3,9
RING1,2
RIOK1,8
RIOX1,1
RIOX2,8
RIPK1,7
RIPK2,9
RIPK4,1
RIPOR1,2
RIPOR3,3
RIT1,3
RLBP1,8
RMC1,8
RMI2,4
RMST,3
RNASE4,3
RNASEH1,1
RNASEH1-DT,2
RNASEH2B,4
RND1,10
RND2,5
RND3,6
RNF113A,9
RNF121,8
RNF125,1
RNF13,3
RNF130,9
RNF135,1
RNF14,3
RNF141,2
RNF144A,2
RNF145,3
RNF146,3
RNF150,3
RNF157,2
RNF169,9
RNF175,7
RNF182,3
RNF19A,3
RNF20,3
RNF216P1,8
RNF220,9
RNF227,3
RNF26,5
RNF32-DT,9
RNF4,4
RNF41,7
RNF6,9
RNF7,9
RNFT1,6
RNLS,1
RNPEPL1,2
RNPS1,8
ROBO1,5
ROCK2,3
ROGDI,8
ROR1,5
ROR2,8
RORB,3
RP2,9
RP9P,3
RPA1,8
RPAIN,3
RPAP2,3
RPF2,5
RPGR,9
RPIA,3
RPL12,4
RPL15,4
RPL23AP7,3
RPL3,4
RPL32P3,7
RPL39L,1
RPL7L1,4
RPN2,1
RPP25,1
RPP38,4
RPS27L,9
RPS6,4
RPS6KA1,8
RPS6KA2,6
RPS6KA6,3
RPS6KL1,7
RPUSD3,4
RPUSD4,8
RRAGB,6
RRAGC,8
RRAGD,4
RRAS,4
RRAS2,5
RRBP1,8
RRM1,3
RRM2,7
RRP12,8
RRP15,5
RRP1B,8
RRP36,1
RRP9,8
RRS1,8
RSAD1,3
RSL1D1,1
RSL24D1,3
RSPH3,9
RSPH4A,6
RSPO2,4
RSPO4,1
RSPRY1,3
RSRC1,9
RSRC2,3
RSRP1,2
RTKN,1
RTL5,3
RTL6,2
RTL8B,7
RTN1,6
RTN2,3
RTN3,4
RTN4,3
RTTN,9
RUFY3,6
RUNDC3A,6
RUNX1T1,6
RUSC2,6
RWDD1,3
RXRB,3
RXYLT1,3
RYR1,8
RYR3,8
S100A11,1
S100A13,5
S100A16,1
S100A4,1
S1PR1,2
S1PR2,8
S1PR3,9
SAE1,8
SALL1,4
SALL2,8
SALL3,5
SALL4,5
SAMD13,6
SAMD14,4
SAMD5,3
SAMHD1,4
SAMM50,6
SAMTOR,3
SANBR,2
SAP130,7
SAP30,2
SAP30-DT,3
SAP30L,9
SAR1B,9
SARAF,3
SARM1,6
SARS1,3
SART3,8
SAT1,9
SAT2,3
SATB1,3
SAV1,8
SAYSD1,3
SBDS,3
SBDSP1,3
SBNO1,10
SCAF4,8
SCAF8,8
SCAMP1-AS1,3
SCAMP5,4
SCAP,7
SCAPER,3
SCARB1,4
SCCPDH,3
SCD,9
SCD5,2
SCFD2,3
SCG2,6
SCG3,6
SCG5,1
SCGB3A2,4
SCGN,6
SCHIP1,2
SCLT1,3
SCLY,8
SCMH1,2
SCML1,9
SCML2,5
SCN2A,6
SCN3A,3
SCN3B,6
SCN4A,4
SCN4B,1
SCN8A,3
SCN9A,6
SCNN1A,4
SCO1,5
SCOC-AS1,3
SCP2,3
SCPEP1,1
SCRG1,3
SCRN3,3
SCUBE1,7
SCUBE2,5
SCUBE3,2
SDC1,7
SDC2,10
SDC4,1
SDCBP2-AS1,3
SDCCAG8,3
SDHA,2
SDHAP1,2
SDHAP3,6
SDK1,3
SEC11A,4
SEC11C,3
SEC14L2,10
SEC14L5,4
SEC22A,3
SEC22C,3
SEC23A,3
SEC23B,6
SEC24B,3
SEC24D,2
SEC31A,3
SEC61A1,2
SEC61A2,7
SEL1L,3
SEL1L3,1
SELENBP1,8
SELENOI,7
SELENOK,3
SELENOP,3
SELENOW,4
SEMA3A,10
SEMA3C,6
SEMA3D,9
SEMA3E,1
SEMA3F,7
SEMA3G,1
SEMA4D,8
SEMA4F,2
SEMA5A,7
SEMA6A,1
SEMA6D,4
SENP2,1
SENP7,3
SENP8,1
SEPHS1,6
SEPHS2,9
SEPTIN3,6
SEPTIN4,1
SEPTIN5,6
SEPTIN6,6
SEPTIN7,3
SEPTIN8,9
SEPTIN9,8
SERAC1,1
SERGEF,3
SERINC1,3
SERINC5,5
SERPINA5,4
SERPINB1,1
SERPINB6,2
SERPINE2,4
SERPINF1,1
SERPING1,1
SERPINH1,1
SERTAD3,4
SERTAD4,8
SESN3,5
SET,1
SETD1A,8
SETD3,1
SETD4,7
SETD6,8
SETD7,3
SETDB1,7
SETDB2,6
SEZ6,1
SEZ6L,2
SFMBT1,8
SFMBT2,6
SFPQ,8
SFR1,3
SFRP1,8
SFRP2,7
SFT2D1,9
SFXN2,7
SFXN4,8
SFXN5,3
SGCE,3
SGIP1,6
SGK1,1
SGO1,5
SGPL1,8
SGSM1,3
SGTB,3
SH2D5,1
SH3BGR,8
SH3BGRL,3
SH3BP4,1
SH3BP5,1
SH3D19,5
SH3GL3,6
SH3GLB1,3
SH3KBP1,1
SH3PXD2A,8
SH3RF1,7
SH3YL1,3
SHANK1,7
SHANK2,4
SHC1,1
SHC3,2
SHD,6
SHF,8
SHISA2,4
SHISA7,3
SHISA9,7
SHISAL1,9
SHISAL2B,8
SHLD2,10
SHMT1,8
SHPK,8
SHQ1,5
SHROOM3,7
SHROOM4,2
SHTN1,9
SIAE,3
SIAH1,1
SIAH2,3
SIAH3,6
SIK1,7
SIL1,3
SIMC1,2
SIN3A,5
SINHCAF,5
SIPA1L1,8
SIPA1L2,7
SIPA1L3,8
SIRT2,3
SIRT5,1
SIX3,8
SIX4,5
SKA2,3
SKAP2,9
SKI,7
SKIC8,6
SKIDA1,10
SKIL,9
SLAIN1,3
SLC10A7,3
SLC11A2,1
SLC12A2-DT,3
SLC12A5,6
SLC12A8,1
SLC13A3,1
SLC15A4,5
SLC16A1-AS1,8
SLC16A14,6
SLC16A2,7
SLC16A9,8
SLC17A6,3
SLC18B1,3
SLC19A1,8
SLC19A2,4
SLC1A3,9
SLC1A4,6
SLC1A5,1
SLC1A6,7
SLC20A1,7
SLC20A2,10
SLC23A2,2
SLC25A10,8
SLC25A12,6
SLC25A13,1
SLC25A14,9
SLC25A20,3
SLC25A21,8
SLC25A24,9
SLC25A27,4
SLC25A29,8
SLC25A30,7
SLC25A37,7
SLC25A39,8
SLC25A40,3
SLC25A42,3
SLC25A46,3
SLC25A5,9
SLC25A51,2
SLC25A53,8
SLC26A6,5
SLC29A1,1
SLC29A2,8
SLC29A3,4
SLC2A1,8
SLC2A10,1
SLC2A12,1
SLC2A13,9
SLC2A3,4
SLC31A1,10
SLC35A1,3
SLC35A2,8
SLC35A4,8
SLC35B3,3
SLC35B4,2
SLC35D1,2
SLC35E1,7
SLC35F2,1
SLC35G1,5
SLC36A1,6
SLC37A1,6
SLC37A3,1
SLC37A4,1
SLC38A4,5
SLC38A5,1
SLC38A7,8
SLC39A1,1
SLC39A11,9
SLC39A14,8
SLC39A6,3
SLC39A7,9
SLC39A9,3
SLC3A2,8
SLC43A3,9
SLC44A1,5
SLC44A2,1
SLC44A5,3
SLC45A3,7
SLC46A1,2
SLC4A11,1
SLC4A4,3
SLC4A5,6
SLC4A8,6
SLC50A1,8
SLC5A4-AS1,8
SLC5A6,8
SLC66A3,9
SLC6A8,8
SLC6A9,8
SLC7A11,1
SLC7A2,1
SLC7A3,1
SLC7A8,1
SLC8A1,6
SLC8A2,1
SLC8B1,4
SLCO1A2,1
SLCO3A1,7
SLCO5A1,6
SLF2,3
SLFN12,8
SLFN5,9
SLIT2,6
SLIT3,9
SLITRK1,6
SLITRK3,3
SLITRK5,3
SLK,3
SLU7,3
SMAD1,3
SMAD3,7
SMAD9,6
SMAGP,5
SMAP1,3
SMAP2,3
SMARCA2,9
SMARCC1,8
SMARCD2,5
SMARCD3,3
SMARCE1,3
SMCO4,8
SMCR8,8
SMDT1,3
SMG1P7,3
SMG5,8
SMG6,7
SMG7,7
SMG8,1
SMIM10L1,2
SMIM11,6
SMIM13,3
SMIM3,7
SMIM30,3
SMIM7,3
SMIM8,3
SMO,7
SMOC1,8
SMPD2,5
SMPD3,6
SMPD4,8
SMPDL3A,3
SMPDL3B,4
SMS,9
SMURF2,3
SMYD2,2
SMYD4,8
SMYD5,8
SNAI1,1
SNAP23,4
SNAP25,6
SNAP29,2
SNAP91,6
SNAPC3,3
SNCA,9
SNCAIP,6
SND1,4
SNHG1,4
SNHG12,8
SNHG15,5
SNHG17,8
SNHG21,3
SNHG29,4
SNHG3,8
SNHG32,4
SNHG33,6
SNHG4,1
SNN,2
SNRNP27,9
SNRPN,4
SNTA1,8
SNTB1,1
SNUPN,5
SNW1,3
SNX1,2
SNX10-AS1,3
SNX11,8
SNX12,7
SNX14,3
SNX19,3
SNX22,1
SNX24,9
SNX25,9
SNX3,3
SNX4,3
SNX5,1
SNX7,3
SNX8,8
SOBP,6
SOCS2,3
SOCS3,7
SOD1,6
SOHLH2,3
SON,7
SORBS1,1
SORBS2,6
SORCS2,9
SORCS3,9
SORD,4
SORD2P,8
SORL1,5
SOS2,3
SOSTDC1,7
SOX1,2
SOX1-OT,6
SOX10,4
SOX15,1
SOX2,5
SOX2-OT,3
SOX21,5
SOX21-AS1,8
SOX3,2
SOX6,6
SOX8,3
SOX9,2
SOX9-AS1,6
SP5,4
SP8,10
SP9,6
SPA17,3
SPACA9,3
SPAG16,9
SPAG9,9
SPARC,2
SPARCL1,9
SPART,3
SPATA13,2
SPATA17,3
SPATA18,9
SPATA2,8
SPATA7,3
SPATA8,9
SPATS2,2
SPATS2L,3
SPCS2,3
SPECC1,9
SPECC1L,2
SPEF2,3
SPEG,3
SPG21,9
SPG7,7
SPHK1,7
SPIDR,9
SPINK5,3
SPINT1,1
SPINT2,1
SPIRE1,3
SPMIP4,3
SPOCK1,7
SPON1,9
SPOP,3
SPOUT1,8
SPP1,9
SPPL3,7
SPR,3
SPRED2,7
SPRED3,7
SPRY1,8
SPRY2,8
SPRY4,8
SPRYD7,6
SPSB4,2
SPTAN1,6
SPTLC2,3
SQLE,3
SRD5A3,1
SRF,8
SRGAP1,3
SRGAP3,9
SRI,3
SRM,8
SRP14-DT,6
SRPK2,3
SRPRB,7
SRR,3
SRRM3,3
SRRM4,3
SRSF1,8
SRSF2,8
SRSF8,3
SRSF9,2
SRXN1,7
SS18L2,10
SSBP2,3
SSBP3,2
SSC4D,1
SSH1,8
SSH2,6
SSPN,3
SSX2IP,2
ST13,1
ST18,3
ST3GAL1,3
ST3GAL4,8
ST3GAL5,3
ST6GAL1,4
ST6GAL2,2
ST6GALNAC5,2
ST7,3
ST7L,2
ST8SIA1,9
ST8SIA2,6
ST8SIA3,4
ST8SIA4,3
ST8SIA6,5
STAC,2
STAM2,3
STARD13,9
STARD3NL,3
STARD7,8
STAT3,1
STAT6,1
STAU1,8
STAU2,3
STC2,4
STEAP2,1
STIP1,8
STK10,9
STK17A,2
STK24,5
STK26,5
STK32A,1
STK35,5
STK36,8
STK38,2
STK38L,9
STK39,3
STK40,2
STMN1,3
STMN2,6
STMN3,3
STMN4,6
STMP1,3
STN1,3
STOM,5
STOML1,3
STON1,5
STOX1,5
STOX2,3
STPG1,1
STRA6,3
STRADA,9
STRADB,6
STS,7
STT3A,10
STX12,3
STX2,3
STX3,1
STX8,3
STXBP2,8
STXBP5L,3
STYX,5
SUCLA2,3
SUCLG1,3
SUCLG2,4
SUCO,10
SULF1,10
SULF2,7
SULT1A3,2
SUMF1,1
SUMF2,4
SUMO2,4
SUMO3,8
SUPT16H,8
SUPT20H,3
SUPT6H,7
SUPV3L1,1
SURF4,8
SURF6,8
SUSD1,9
SUSD4,10
SUSD5,8
SUV39H1,1
SV2A,5
SVIL,7
SVIL-AS1,7
SVIP,2
SVOP,6
SWAP70,5
SYBU,6
SYDE2,7
SYN1,6
SYN3,4
SYNC,1
SYNE1,3
SYNE2,7
SYNE4,1
SYNGR1,2
SYNGR2,8
SYNGR3,1
SYNJ1,6
SYNJ2,7
SYNM,2
SYP,3
SYS1,2
SYT1,6
SYT11,3
SYT13,1
SYT16,6
SYT17,2
SYT4,9
SYT6,1
SYT9,7
SYTL1,1
SYTL2,3
SYTL4,9
TAB2,10
TAC1,6
TAC3,1
TACC2,1
TAF15,8
TAF3,7
TAF4B,4
TAF5L,8
TAF7,3
TAF9,1
TAFA4,9
TAGAP-AS1,6
TAGLN,8
TAGLN2,8
TAGLN3,3
TANC1,5
TANC2,3
TANGO2,9
TANGO6,8
TANK,3
TAOK3,6
TAP1,1
TAP2,4
TAPT1,3
TARBP1,1
TARBP2,8
TARS2,8
TARS3,3
TATDN2,2
TATDN3,3
TAX1BP1,3
TBC1D1,1
TBC1D12,3
TBC1D16,2
TBC1D19,3
TBC1D22B,1
TBC1D2B,8
TBC1D30,8
TBC1D31,4
TBC1D5,3
TBC1D7,9
TBC1D8,4
TBC1D8B,3
TBC1D9,7
TBCA,3
TBCD,8
TBCE,1
TBCK,3
TBK1,1
TBL1X,8
TBL2,8
TBR1,3
TBRG1,2
TBRG4,8
TC2N,4
TCAIM,3
TCEAL1,3
TCEAL2,8
TCEAL5,8
TCEAL7,3
TCEAL9,3
TCEANC,6
TCEANC2,9
TCF12,3
TCF19,2
TCF7L2,9
TCFL5,5
TCIM,9
TCN2,1
TCOF1,8
TCP10L,2
TCP11L2,3
TCTN1,2
TCTN2,2
TCTN3,7
TDRD3,3
TDRD7,9
TDRP,3
TEAD2,1
TEAD3,7
TECTA,7
TEK,8
TEKT2,3
TENM1,2
TENM3,7
TENT4A,2
TENT5A,9
TENT5B,4
TERF2IP,6
TESC,1
TESK2,1
TESMIN,4
TET2,3
TET3,3
TEX10,8
TEX2,4
TEX261,2
TEX264,3
TEX9,3
TFAP2C,4
TFB1M,1
TFB2M,8
TFCP2,8
TFDP1,7
TFDP2,3
TFPI,8
TGFBI,1
TGFBR2,5
TGFBRAP1,7
TGIF1,5
TGIF2,8
TGS1,1
THAP1,4
THAP10,3
THAP9,4
THBS4,1
THCAT155,9
THEMIS2,4
THOC5,1
THRAP3,8
THSD4,9
THSD7A,3
THSD7B,6
THUMPD3,1
THY1,8
TIAL1,9
TIAM1,8
TICRR,8
TIGD1,3
TIGD2,1
TIGD6,3
TIGD7,3
TIMELESS,9
TIMM10B,8
TIMM23B,8
TIMM50,8
TIMM8A,5
TIMP2,6
TIMP3,9
TIPARP,3
TIPIN,1
TJP2,8
TJP3,5
TK1,8
TKTL1,6
TLCD1,1
TLCD3A,8
TLCD3B,6
TLE1,8
TLE4,7
TLE6,3
TLL2,9
TLN1,7
TLN2,7
TM2D1,3
TM2D3,3
TM7SF3,9
TMBIM1,1
TMBIM6,9
TMC7,8
TMCC1,1
TMCC1-DT,3
TMCC3,8
TMCO1,3
TMCO6,1
TMED3,9
TMED5,9
TMEM104,7
TMEM106C,3
TMEM107,3
TMEM108,5
TMEM109,8
TMEM117,3
TMEM120B,8
TMEM121B,6
TMEM131L,6
TMEM145,6
TMEM14A,3
TMEM14B,1
TMEM14C,1
TMEM150A,8
TMEM150C,3
TMEM151B,6
TMEM154,9
TMEM161B-DT,6
TMEM163,7
TMEM165,5
TMEM167B,3
TMEM169,2
TMEM170B,3
TMEM178A,3
TMEM178B,6
TMEM182,3
TMEM185A,3
TMEM19,3
TMEM196,6
TMEM198,3
TMEM200A,4
TMEM200C,6
TMEM214,8
TMEM231,2
TMEM237,2
TMEM241,1
TMEM242,3
TMEM243,9
TMEM248,7
TMEM25,7
TMEM255A,6
TMEM260,2
TMEM268,6
TMEM35A,3
TMEM35B,5
TMEM38B,2
TMEM39A,5
TMEM43,2
TMEM45A,4
TMEM50B,6
TMEM51,7
TMEM59,3
TMEM62,3
TMEM63B,1
TMEM68,9
TMEM74,5
TMEM88,8
TMEM88B,5
TMEM92,1
TMEM97,2
TMEM98,9
TMEM9B,3
TMF1,9
TMLHE,6
TMOD2,6
TMPRSS2,1
TMPRSS5,6
TMSB15A,2
TMSB15B,3
TMSB4X,9
TMTC1,10
TMTC2,3
TMX1,9
TMX4,3
TNC,1
TNFAIP1,2
TNFAIP3,1
TNFAIP8,5
TNFRSF12A,8
TNFRSF19,4
TNFRSF1A,1
TNFRSF1B,9
TNFRSF21,8
TNIK,3
TNKS1BP1,8
TNNI3,1
TNNI3K,3
TNNT1,1
TNPO2,7
TNPO3,8
TNS1,3
TNS3,8
TOB2,7
TOM1L1,1
TOM1L2,6
TOMM40,8
TOMM40L,6
TOP2A,3
TOP3A,7
TOPBP1,9
TOR1B,8
TOR3A,2
TOX,3
TOX-DT,9
TOX2,3
TOX3,10
TOX4,2
TP53BP1,6
TP53BP2,3
TP53I11,1
TP53I3,8
TP53INP1,9
TP53INP2,3
TP53TG1,3
TPBG,10
TPCN2,1
TPD52,4
TPD52L2,8
TPM1,7
TPM2,1
TPM4,5
TPMT,1
TPP1,5
TPPP,3
TPRG1L,4
TPST2,5
TPX2,3
TRABD2A,4
TRAF3,2
TRAF3IP1,7
TRAF3IP2-AS1,9
TRAF4,8
TRAF5,5
TRAF6,9
TRAFD1,3
TRAIP,1
TRAM1L1,3
TRAM2,7
TRAM2-AS1,6
TRANK1,1
TRAP1,8
TRAPPC10,7
TRAPPC11,3
TRAPPC9,2
TRHDE,6
TRIB1,5
TRIL,1
TRIM14,8
TRIM16,3
TRIM16L,3
TRIM2,3
TRIM21,9
TRIM22,1
TRIM24,2
TRIM25,9
TRIM32,3
TRIM37,5
TRIM39,8
TRIM44,3
TRIM45,7
TRIM5,8
TRIM6,4
TRIM65,1
TRIM67,6
TRIM69,3
TRIM71,5
TRIM9,6
TRIP10,1
TRIP12,3
TRIP13,1
TRIP6,8
TRMT1,8
TRMT10A,3
TRMT10B,6
TRMT2B,9
TRMT9B,3
TRO,6
TRPC1,3
TRPC3,3
TRPC4,4
TRPM3,8
TRPM8,8
TRPS1,3
TRPV1,7
TRUB1,3
TRUB2,8
TSC22D1,10
TSC22D3,2
TSEN15,3
TSEN34,2
TSFM,8
TSG101,3
TSHZ1,6
TSHZ2,7
TSHZ3,6
TSKU,8
TSNAXIP1,2
TSPAN14,7
TSPAN17,4
TSPAN18,7
TSPAN2,7
TSPAN3,3
TSPAN31,3
TSPAN33,8
TSPAN5,9
TSPAN7,3
TSPYL1,7
TSPYL2,8
TSPYL4,3
TSPYL5,5
TSR1,1
TSSC2,1
TSTD1,1
TTBK1,2
TTC12,8
TTC19,1
TTC21A,6
TTC23,9
TTC3,6
TTC32,3
TTC33,3
TTC39C,2
TTC5,6
TTC7A,7
TTC7B,2
TTC8,3
TTC9C,9
TTI1,1
TTI2,8
TTL,7
TTLL11,3
TTLL12,8
TTLL4,7
TTLL6,1
TTN,5
TTPAL,7
TTYH1,2
TTYH2,3
TUBA1A,3
TUBA1C,5
TUBB2B,3
TUBB3,3
TUBB4A,6
TUBB6,1
TUBD1,7
TUBE1,3
TUBG1,8
TUBGCP4,3
TUBGCP5,8
TUFT1,8
TULP3,7
TUNAR,1
TUSC3,3
TUT1,8
TUT4,9
TUT7,3
TVP23A,7
TVP23C,1
TWF1,9
TWNK,8
TWSG1,9
TXLNG,1
TXNDC11,2
TXNDC15,3
TXNDC16,3
TXNDC5,8
TXNIP,3
TXNL1,3
TXNL4B,2
TYMS,2
TYRO3,8
U2AF1,8
U2AF2,8
UACA,1
UAP1,6
UBAC2,10
UBAP1L,2
UBAP2,8
UBAP2L,8
UBBP4,4
UBC,3
UBE2A,5
UBE2B,3
UBE2E1,5
UBE2E2,5
UBE2E3,3
UBE2J1,3
UBE2L6,8
UBE2O,7
UBE2Q2,4
UBE2QL1,6
UBE2R2,2
UBE2V1,1
UBE2Z,5
UBE3C,8
UBE3D,5
UBE4B,1
UBFD1,8
UBIAD1,8
UBL3,3
UBL4A,3
UBQLN4,8
UBR2,3
UBR3,3
UBR7,9
UBTD1,8
UBTF,8
UBXN10,3
UBXN2B,3
UCHL1,8
UCK2,7
UFD1,2
UFL1,3
UFM1,3
UFSP2,3
UGDH,10
UGP2,4
UGT3A1,1
UGT3A2,1
UGT8,4
UHRF1,7
ULBP3,7
ULK2,3
ULK4,5
UNC13A,4
UNC13B,2
UNC45A,8
UNC50,3
UNC5A,1
UNC5B,1
UNC5D,7
UNC79,6
UNC80,6
UNG,1
UPF3A,3
UPF3B,1
UQCRC1,2
UQCRC2,3
UQCRH,4
URB1,8
URB2,8
URGCP,6
UROS,8
USF1,9
USP10,8
USP12,3
USP16,6
USP2,4
USP24,3
USP25,6
USP28,2
USP3,3
USP30,6
USP32,3
USP32P1,4
USP32P2,4
USP36,8
USP38,3
USP40,3
USP44,5
USP47,3
USP5,8
USP51,5
USP53,1
USP54,7
USP9X,4
UST,5
UTP11,7
UTP14A,5
UTP15,1
UTP18,5
UTP20,8
UTP3,1
UXS1,9
VAMP1,1
VAMP2,3
VAMP3,9
VAMP7,9
VANGL1,10
VAPB,8
VASH1,2
VASH2,1
VASP,8
VAT1,4
VAT1L,4
VAX1,6
VCAM1,3
VCAN,3
VCF2,3
VCL,8
VCP,7
VDAC1,3
VDAC2,4
VEGFB,3
VEPH1,6
VEZF1,9
VIM,9
VIPAS39,3
VIPR2,1
VKORC1,4
VKORC1L1,7
VLDLR,9
VLDLR-AS1,9
VOPP1,3
VPS11,6
VPS13C,3
VPS16,2
VPS26B,6
VPS26C,7
VPS33A,8
VPS35,6
VPS35L,1
VPS39,8
VPS45,3
VPS50,3
VPS53,7
VPS8,3
VRK2,1
VRTN,1
VSIG10L,4
VSNL1,1
VTI1A,7
VWA5B1,6
VWC2,6
VWCE,2
VWDE,1
VWF,1
VXN,9
WARS1,8
WASF1,7
WASF3,7
WASHC3,3
WASL-DT,3
WBP11,8
WBP4,3
WDFY1,5
WDFY3,3
WDFY3-AS2,9
WDR12,1
WDR13,2
WDR17,3
WDR19,3
WDR31,3
WDR33,9
WDR37,6
WDR4,8
WDR43,5
WDR44,9
WDR45B,8
WDR46,8
WDR47,3
WDR5,8
WDR53,1
WDR55,7
WDR59,8
WDR5B,3
WDR6,8
WDR62,8
WDR73,2
WDR77,8
WDR81,8
WDR82,2
WDR86,2
WDR91,3
WEE1,5
WHRN,6
WIPF3,8
WIPI1,4
WIPI2,8
WLS,10
WNT10B,4
WNT2B,10
WNT3,3
WNT5B,7
WNT7A,9
WNT7B,10
WNT8B,10
WRNIP1,2
WSB2,3
WSCD2,1
WTAP,5
WTIP,7
WWC1,7
WWC2,8
XBP1,8
XKR4,6
XKR5,1
XKR7,3
XKR8,8
XPA,6
XPC,2
XPNPEP1,1
XPO5,7
XPR1,3
XRN2,3
XXYLT1,2
XYLT1,2
YAF2,9
YARS1,1
YARS2,1
YBEY,8
YBX2,1
YBX3,8
YEATS4,1
YJEFN3,7
YPEL2,5
YPEL4,5
YPEL5,3
YRDC,1
YTHDC2,3
YTHDF1,7
YTHDF2,1
YWHAH,1
YWHAZ,9
YY1AP1,3
ZBED1,5
ZBED3,8
ZBED3-AS1,8
ZBED5-AS1,3
ZBTB12,7
ZBTB14,3
ZBTB16,7
ZBTB18,3
ZBTB24,5
ZBTB38,1
ZBTB40,7
ZBTB5,3
ZBTB7B,4
ZBTB9,8
ZC2HC1A,3
ZC3H11A,3
ZC3H12B,2
ZC3H12C,9
ZC3H7B,7
ZC3H8,6
ZC3HAV1,8
ZC4H2,6
ZCCHC10,3
ZCCHC12,6
ZCCHC2,2
ZCCHC24,1
ZCCHC7,4
ZCCHC8,3
ZDHHC11,7
ZDHHC11B,3
ZDHHC13,9
ZDHHC14,1
ZDHHC16,8
ZDHHC18,8
ZDHHC2,3
ZDHHC22,3
ZDHHC23,9
ZDHHC3,7
ZDHHC7,8
ZDHHC9,5
ZEB1,3
ZEB2,9
ZFAND4,1
ZFAND5,7
ZFAND6,4
ZFHX3,3
ZFHX4,10
ZFHX4-AS1,9
ZFP1,3
ZFP2,3
ZFP28,6
ZFP30,3
ZFP36L2,7
ZFP37,3
ZFP42,1
ZFP69,9
ZFP69B,5
ZFR,3
ZFR2,8
ZFYVE16,2
ZFYVE26,8
ZFYVE9,10
ZGRF1,1
ZHX1,3
ZHX2,9
ZIC2,5
ZIC3,1
ZIC5,5
ZIK1,8
ZKSCAN1,3
ZKSCAN2,3
ZKSCAN3,2
ZKSCAN7,4
ZMAT1,3
ZMIZ1,2
ZMYM2,1
ZMYM3,8
ZMYND11,3
ZMYND8,1
ZNF10,8
ZNF101,1
ZNF114,1
ZNF12,3
ZNF124,9
ZNF134,1
ZNF135,1
ZNF136,2
ZNF142,7
ZNF146,4
ZNF177,3
ZNF18,4
ZNF182,9
ZNF184,3
ZNF185,8
ZNF189,3
ZNF195,9
ZNF197,3
ZNF2,3
ZNF202,1
ZNF211,3
ZNF212,8
ZNF214,3
ZNF215,1
ZNF217,5
ZNF22,9
ZNF22-AS1,9
ZNF222,3
ZNF224,9
ZNF225,3
ZNF225-AS1,3
ZNF226,3
ZNF227,3
ZNF229,6
ZNF23,3
ZNF230,3
ZNF232,8
ZNF235,3
ZNF24,3
ZNF25,3
ZNF250,3
ZNF251,7
ZNF252P,9
ZNF254,3
ZNF256,1
ZNF266,3
ZNF273,9
ZNF275,2
ZNF277,3
ZNF280D,1
ZNF284,3
ZNF285,3
ZNF287,3
ZNF300,9
ZNF302,3
ZNF322,3
ZNF324,2
ZNF329,1
ZNF330,9
ZNF331,8
ZNF333,3
ZNF337,3
ZNF33B,8
ZNF343,3
ZNF35,1
ZNF350,3
ZNF37A,9
ZNF382,6
ZNF385B,5
ZNF385C,1
ZNF385D,9
ZNF396,9
ZNF407-AS1,3
ZNF41,3
ZNF410,3
ZNF415,3
ZNF416,1
ZNF418,1
ZNF420,2
ZNF428,6
ZNF430,9
ZNF432,3
ZNF436,8
ZNF436-AS1,8
ZNF438,3
ZNF44,7
ZNF440,3
ZNF441,3
ZNF442,3
ZNF443,9
ZNF45,7
ZNF454,5
ZNF468,9
ZNF471,3
ZNF473,3
ZNF480,9
ZNF483,5
ZNF486,9
ZNF487,9
ZNF491,6
ZNF496-DT,7
ZNF501,5
ZNF503,10
ZNF506,3
ZNF510,3
ZNF512,3
ZNF512B,8
ZNF521,5
ZNF536,3
ZNF540,6
ZNF542P,8
ZNF544,1
ZNF546,3
ZNF547,3
ZNF548,6
ZNF551,1
ZNF552,1
ZNF561,3
ZNF567,1
ZNF568,6
ZNF570,6
ZNF577,1
ZNF578,8
ZNF582,1
ZNF583,6
ZNF584,3
ZNF587B,1
ZNF589,1
ZNF594,2
ZNF599,3
ZNF600,9
ZNF608,7
ZNF609,7
ZNF610,3
ZNF613,1
ZNF618,2
ZNF619,5
ZNF624,3
ZNF627,3
ZNF638,3
ZNF641,3
ZNF649,1
ZNF654,3
ZNF658,1
ZNF665,9
ZNF667,5
ZNF675,9
ZNF684,9
ZNF688,2
ZNF69,8
ZNF695,1
ZNF696,7
ZNF700,9
ZNF703,6
ZNF704,3
ZNF706,9
ZNF707,8
ZNF709,3
ZNF711,3
ZNF717,5
ZNF718,8
ZNF732,1
ZNF737,3
ZNF740,7
ZNF75D,3
ZNF761,9
ZNF763,3
ZNF765,9
ZNF767P,7
ZNF774,6
ZNF777,7
ZNF778,8
ZNF778-DT,2
ZNF782,8
ZNF789,7
ZNF790-AS1,8
ZNF793-AS1,3
ZNF799,3
ZNF800,9
ZNF813,9
ZNF814,1
ZNF816,9
ZNF823,3
ZNF829,8
ZNF83,3
ZNF836,3
ZNF84,2
ZNF844,6
ZNF850,1
ZNF852,8
ZNF862,3
ZNF876P,1
ZNF879,2
ZNF883,1
ZNF888,9
ZNF90,1
ZNF92,3
ZNF93,1
ZNNT1,9
ZNRF2,4
ZRANB1,3
ZSCAN10,1
ZSCAN2,6
ZSCAN25,8
ZSCAN26,6
ZSCAN32,9
ZSCAN9,6
ZSWIM3,3
ZSWIM5,6
ZSWIM6,3
ZSWIM7,1
ZUP1,3
ZYX,8
